sample_name,source_dataset,original_database_id,original_id,original_url,original_url_note,formula,ideal_chemistry,public_spectrum_path,public_cif_path
Ag2S_14,RRUFF,RRUFF:R080016-1,R080016-1,https://rruff.info/R080016,inferred_from_rruff_id,Ag2S,Ag2S,real_spectra/Ag2S_14/Ag2S_14.xy,real_spectra/Ag2S_14/Ag2S_14.cif
Ag3AsS3_161,RRUFF,RRUFF:R060356-1,R060356-1,https://rruff.info/R060356,inferred_from_rruff_id,Ag3AsS3,Ag3AsS3,real_spectra/Ag3AsS3_161/Ag3AsS3_161.xy,real_spectra/Ag3AsS3_161/Ag3AsS3_161.cif
Ag3SbS3_161,RRUFF,RRUFF:R050318-1,R050318-1,https://rruff.info/R050318,inferred_from_rruff_id,Ag3SbS3,Ag3SbS3,real_spectra/Ag3SbS3_161/Ag3SbS3_161.xy,real_spectra/Ag3SbS3_161/Ag3SbS3_161.cif
Ag3Sb_25,RRUFF,RRUFF:R061043-1,R061043-1,https://rruff.info/R061043,inferred_from_rruff_id,Ag3Sb,Ag3Sb,real_spectra/Ag3Sb_25/Ag3Sb_25.xy,real_spectra/Ag3Sb_25/Ag3Sb_25.cif
Ag3Te2Au_214,RRUFF,RRUFF:R070254-1,R070254-1,https://rruff.info/R070254,inferred_from_rruff_id,Ag3Te2Au,Ag3Te2Au,real_spectra/Ag3Te2Au_214/Ag3Te2Au_214.xy,real_spectra/Ag3Te2Au_214/Ag3Te2Au_214.cif
Ag5SbS4_36,RRUFF,RRUFF:R050309-1,R050309-1,https://rruff.info/R050309,inferred_from_rruff_id,Ag5SbS4,Ag5SbS4,real_spectra/Ag5SbS4_36/Ag5SbS4_36.xy,real_spectra/Ag5SbS4_36/Ag5SbS4_36.cif
AgTe_62,RRUFF,RRUFF:R200013,R200013,https://rruff.info/R200013,inferred_from_rruff_id,AgTe,AgTe,real_spectra/AgTe_62/AgTe_62.xy,real_spectra/AgTe_62/AgTe_62.cif
Ag_225,RRUFF,RRUFF:R070416-1,R070416-1,https://rruff.info/R070416,inferred_from_rruff_id,Ag,Ag,real_spectra/Ag_225/Ag_225.xy,real_spectra/Ag_225/Ag_225.cif
Al2Fe3(SiO4)3_230,RRUFF,RRUFF:R040168-1,R040168-1,https://rruff.info/R040168,inferred_from_rruff_id,Al2Fe3(SiO4)3,Al2Fe3(SiO4)3,real_spectra/Al2Fe3(SiO4)3_230/Al2Fe3(SiO4)3_230.xy,real_spectra/Al2Fe3(SiO4)3_230/Al2Fe3(SiO4)3_230.cif
Al2FeP2(HO)18_2,RRUFF,RRUFF:R050314-1,R050314-1,https://rruff.info/R050314,inferred_from_rruff_id,Al2FeP2(HO)18,Al2FeP2(HO)18,real_spectra/Al2FeP2(HO)18_2/Al2FeP2(HO)18_2.xy,real_spectra/Al2FeP2(HO)18_2/Al2FeP2(HO)18_2.cif
Al2O3_167,RRUFF,RRUFF:R060020-1,R060020-1,https://rruff.info/R060020,inferred_from_rruff_id,Al2O3,Al2O3,real_spectra/Al2O3_167/Al2O3_167.xy,real_spectra/Al2O3_167/Al2O3_167.cif
Al2PO7_12,RRUFF,RRUFF:R050100-1,R050100-1,https://rruff.info/R050100,inferred_from_rruff_id,Al2PO7,Al2PO7,real_spectra/Al2PO7_12/Al2PO7_12.xy,real_spectra/Al2PO7_12/Al2PO7_12.cif
Al2PO8_33,RRUFF,RRUFF:R050239-1,R050239-1,https://rruff.info/R050239,inferred_from_rruff_id,Al2PO8,Al2PO8,real_spectra/Al2PO8_33/Al2PO8_33.xy,real_spectra/Al2PO8_33/Al2PO8_33.cif
Al2Si(O2F)2_62,RRUFF,RRUFF:R050176-1,R050176-1,https://rruff.info/R050176,inferred_from_rruff_id,Al2Si(O2F)2,Al2Si(O2F)2,real_spectra/Al2Si(O2F)2_62/Al2Si(O2F)2_62.xy,real_spectra/Al2Si(O2F)2_62/Al2Si(O2F)2_62.cif
Al2SiO5_2,RRUFF,RRUFF:R040119-1,R040119-1,https://rruff.info/R040119,inferred_from_rruff_id,Al2SiO5,Al2SiO5,real_spectra/Al2SiO5_2/Al2SiO5_2.xy,real_spectra/Al2SiO5_2/Al2SiO5_2.cif
Al2SiO5_58,RRUFF,RRUFF:R050449-1,R050449-1,https://rruff.info/R050449,inferred_from_rruff_id,Al2SiO5,Al2SiO5,real_spectra/Al2SiO5_58/Al2SiO5_58.xy,real_spectra/Al2SiO5_58/Al2SiO5_58.cif
Al2SiO5_62,RRUFF,RRUFF:R060080-1,R060080-1,https://rruff.info/R060080,inferred_from_rruff_id,Al2SiO5,Al2SiO5,real_spectra/Al2SiO5_62/Al2SiO5_62.xy,real_spectra/Al2SiO5_62/Al2SiO5_62.cif
Al2ZnO4_227,RRUFF,RRUFF:R040027-1,R040027-1,https://rruff.info/R040027,inferred_from_rruff_id,Al2ZnO4,Al2ZnO4,real_spectra/Al2ZnO4_227/Al2ZnO4_227.xy,real_spectra/Al2ZnO4_227/Al2ZnO4_227.cif
Al4Os4SO14_4,RRUFF,RRUFF:R060565-1,R060565-1,https://rruff.info/R060565,inferred_from_rruff_id,Al4Os4SO14,Al4Os4SO14,real_spectra/Al4Os4SO14_4/Al4Os4SO14_4.xy,real_spectra/Al4Os4SO14_4/Al4Os4SO14_4.cif
Al4P3(HO5)3_15,RRUFF,RRUFF:R050425-1,R050425-1,https://rruff.info/R050425,inferred_from_rruff_id,Al4P3(HO5)3,Al4P3(HO5)3,real_spectra/Al4P3(HO5)3_15/Al4P3(HO5)3_15.xy,real_spectra/Al4P3(HO5)3_15/Al4P3(HO5)3_15.cif
Al6B5(O5F)3_176,RRUFF,RRUFF:R060533-1,R060533-1,https://rruff.info/R060533,inferred_from_rruff_id,Al6B5(O5F)3,Al6B5(O5F)3,real_spectra/Al6B5(O5F)3_176/Al6B5(O5F)3_176.xy,real_spectra/Al6B5(O5F)3_176/Al6B5(O5F)3_176.cif
AlAs(H2O3)2_61,RRUFF,RRUFF:R060409-1,R060409-1,https://rruff.info/R060409,inferred_from_rruff_id,AlAs(H2O3)2,AlAs(H2O3)2,real_spectra/AlAs(H2O3)2_61/AlAs(H2O3)2_61.xy,real_spectra/AlAs(H2O3)2_61/AlAs(H2O3)2_61.cif
AlCu2AsO12_15,RRUFF,RRUFF:R050535-1,R050535-1,https://rruff.info/R050535,inferred_from_rruff_id,AlCu2AsO12,AlCu2AsO12,real_spectra/AlCu2AsO12_15/AlCu2AsO12_15.xy,real_spectra/AlCu2AsO12_15/AlCu2AsO12_15.cif
AlCuH28S2ClO22_2,RRUFF,RRUFF:R060751-1,R060751-1,https://rruff.info/R060751,inferred_from_rruff_id,AlCuH28S2ClO22,AlCuH28S2ClO22,real_spectra/AlCuH28S2ClO22_2/AlCuH28S2ClO22_2.xy,real_spectra/AlCuH28S2ClO22_2/AlCuH28S2ClO22_2.cif
AlH16(C3O7)2_142,RRUFF,RRUFF:R070574-1,R070574-1,https://rruff.info/R070574,inferred_from_rruff_id,AlH16(C3O7)2,AlH16(C3O7)2,real_spectra/AlH16(C3O7)2_142/AlH16(C3O7)2_142.xy,real_spectra/AlH16(C3O7)2_142/AlH16(C3O7)2_142.cif
AlP(H2O3)2_14,RRUFF,RRUFF:R050461-1,R050461-1,https://rruff.info/R050461,inferred_from_rruff_id,AlP(H2O3)2,AlP(H2O3)2,real_spectra/AlP(H2O3)2_14/AlP(H2O3)2_14.xy,real_spectra/AlP(H2O3)2_14/AlP(H2O3)2_14.cif
As2O3_227,RRUFF,RRUFF:R050383-1,R050383-1,https://rruff.info/R050383,inferred_from_rruff_id,As2O3,As2O3,real_spectra/As2O3_227/As2O3_227.xy,real_spectra/As2O3_227/As2O3_227.cif
As2S3_1,opXRD,opXRD:000277,277,,not_recorded_in_manifest,As2S3,As2S3,real_spectra/As2S3_1/As2S3_1.xy,real_spectra/As2S3_1/As2S3_1.cif
As4(Pb3S5)3_160,RRUFF,RRUFF:R050365-1,R050365-1,https://rruff.info/R050365,inferred_from_rruff_id,As4(Pb3S5)3,As4(Pb3S5)3,real_spectra/As4(Pb3S5)3_160/As4(Pb3S5)3_160.xy,real_spectra/As4(Pb3S5)3_160/As4(Pb3S5)3_160.cif
AsS_14,RRUFF,RRUFF:R060107-1,R060107-1,https://rruff.info/R060107,inferred_from_rruff_id,AsS,AsS,real_spectra/AsS_14/AsS_14.xy,real_spectra/AsS_14/AsS_14.cif
Au_225,RRUFF,RRUFF:R070279-1,R070279-1,https://rruff.info/R070279,inferred_from_rruff_id,Au,Au,real_spectra/Au_225/Au_225.xy,real_spectra/Au_225/Au_225.cif
BaBeSiO4_1,opXRD,opXRD:000599,599,,not_recorded_in_manifest,BaBeSiO4,BaBeSiO4,real_spectra/BaBeSiO4_1/BaBeSiO4_1.xy,real_spectra/BaBeSiO4_1/BaBeSiO4_1.cif
BaCa(CO2)2_1,opXRD,opXRD:000192,192,,not_recorded_in_manifest,BaCa(CO2)2,BaCa(CO2)2,real_spectra/BaCa(CO2)2_1/BaCa(CO2)2_1.xy,real_spectra/BaCa(CO2)2_1/BaCa(CO2)2_1.cif
BaSO4_62,RRUFF,RRUFF:R040036-1,R040036-1,https://rruff.info/R040036,inferred_from_rruff_id,BaSO4,BaSO4,real_spectra/BaSO4_62/BaSO4_62.xy,real_spectra/BaSO4_62/BaSO4_62.cif
BaSi2O5_62,RRUFF,RRUFF:R050001-1,R050001-1,https://rruff.info/R050001,inferred_from_rruff_id,BaSi2O5,BaSi2O5,real_spectra/BaSi2O5_62/BaSi2O5_62.xy,real_spectra/BaSi2O5_62/BaSi2O5_62.cif
Be2BHO4_61,RRUFF,RRUFF:R050672-1,R050672-1,https://rruff.info/R050672,inferred_from_rruff_id,Be2BHO4,Be2BHO4,real_spectra/Be2BHO4_61/Be2BHO4_61.xy,real_spectra/Be2BHO4_61/Be2BHO4_61.cif
Be2PO9_15,RRUFF,RRUFF:R070480-1,R070480-1,https://rruff.info/R070480,inferred_from_rruff_id,Be2PO9,Be2PO9,real_spectra/Be2PO9_15/Be2PO9_15.xy,real_spectra/Be2PO9_15/Be2PO9_15.cif
Be2SiO4_148,RRUFF,RRUFF:R040046-1,R040046-1,https://rruff.info/R040046,inferred_from_rruff_id,Be2SiO4,Be2SiO4,real_spectra/Be2SiO4_148/Be2SiO4_148.xy,real_spectra/Be2SiO4_148/Be2SiO4_148.cif
Be3Al2(SiO3)6_192,RRUFF,RRUFF:R050121-1,R050121-1,https://rruff.info/R050121,inferred_from_rruff_id,Be3Al2(SiO3)6,Be3Al2(SiO3)6,real_spectra/Be3Al2(SiO3)6_192/Be3Al2(SiO3)6_192.xy,real_spectra/Be3Al2(SiO3)6_192/Be3Al2(SiO3)6_192.cif
BeAl2O4_62,RRUFF,RRUFF:R040073-1,R040073-1,https://rruff.info/R040073,inferred_from_rruff_id,BeAl2O4,BeAl2O4,real_spectra/BeAl2O4_62/BeAl2O4_62.xy,real_spectra/BeAl2O4_62/BeAl2O4_62.cif
BeAlSiO2_1,opXRD,opXRD:000996,996,,not_recorded_in_manifest,BeAlSiO2,BeAlSiO2,real_spectra/BeAlSiO2_1/BeAlSiO2_1.xy,real_spectra/BeAlSiO2_1/BeAlSiO2_1.cif
Bi2CO5_44,RRUFF,RRUFF:R060665-1,R060665-1,https://rruff.info/R060665,inferred_from_rruff_id,Bi2CO5,Bi2CO5,real_spectra/Bi2CO5_44/Bi2CO5_44.xy,real_spectra/Bi2CO5_44/Bi2CO5_44.cif
Bi2WO6_29,RRUFF,RRUFF:R060860-1,R060860-1,https://rruff.info/R060860,inferred_from_rruff_id,Bi2WO6,Bi2WO6,real_spectra/Bi2WO6_29/Bi2WO6_29.xy,real_spectra/Bi2WO6_29/Bi2WO6_29.cif
C_1,opXRD,opXRD:000169,169,,not_recorded_in_manifest,C,C,real_spectra/C_1/C_1.xy,real_spectra/C_1/C_1.cif
Ca(BO4)3_14,RRUFF,RRUFF:R050157-1,R050157-1,https://rruff.info/R050157,inferred_from_rruff_id,Ca(BO4)3,Ca(BO4)3,real_spectra/Ca(BO4)3_14/Ca(BO4)3_14.xy,real_spectra/Ca(BO4)3_14/Ca(BO4)3_14.cif
Ca13Si10H12(O17F5)2_148,RRUFF,RRUFF:R060150-1,R060150-1,https://rruff.info/R060150,inferred_from_rruff_id,Ca13Si10H12(O17F5)2,Ca13Si10H12(O17F5)2,real_spectra/Ca13Si10H12(O17F5)2_148/Ca13Si10H12(O17F5)2_148.xy,real_spectra/Ca13Si10H12(O17F5)2_148/Ca13Si10H12(O17F5)2_148.cif
Ca2Al2SiO7_113,RRUFF,RRUFF:R060841-1,R060841-1,https://rruff.info/R060841,inferred_from_rruff_id,Ca2Al2SiO7,Ca2Al2SiO7,real_spectra/Ca2Al2SiO7_113/Ca2Al2SiO7_113.xy,real_spectra/Ca2Al2SiO7_113/Ca2Al2SiO7_113.cif
Ca2Al3Si3HO13_11,RRUFF,RRUFF:R060284-1,R060284-1,https://rruff.info/R060284,inferred_from_rruff_id,Ca2Al3Si3HO13,Ca2Al3Si3HO13,real_spectra/Ca2Al3Si3HO13_11/Ca2Al3Si3HO13_11.xy,real_spectra/Ca2Al3Si3HO13_11/Ca2Al3Si3HO13_11.cif
Ca2Mn(PO5)2_2,RRUFF,RRUFF:R050539-1,R050539-1,https://rruff.info/R050539,inferred_from_rruff_id,Ca2Mn(PO5)2,Ca2Mn(PO5)2,real_spectra/Ca2Mn(PO5)2_2/Ca2Mn(PO5)2_2.xy,real_spectra/Ca2Mn(PO5)2_2/Ca2Mn(PO5)2_2.cif
Ca2Nb2O7_227,RRUFF,RRUFF:R060151-1,R060151-1,https://rruff.info/R060151,inferred_from_rruff_id,Ca2Nb2O7,Ca2Nb2O7,real_spectra/Ca2Nb2O7_227/Ca2Nb2O7_227.xy,real_spectra/Ca2Nb2O7_227/Ca2Nb2O7_227.cif
Ca2Si3PbO9_1,opXRD,opXRD:000184,184,,not_recorded_in_manifest,Ca2Si3PbO9,Ca2Si3PbO9,real_spectra/Ca2Si3PbO9_1/Ca2Si3PbO9_1.xy,real_spectra/Ca2Si3PbO9_1/Ca2Si3PbO9_1.cif
Ca2UC3O22_41,RRUFF,RRUFF:R050662-1,R050662-1,https://rruff.info/R050662,inferred_from_rruff_id,Ca2UC3O22,Ca2UC3O22,real_spectra/Ca2UC3O22_41/Ca2UC3O22_41.xy,real_spectra/Ca2UC3O22_41/Ca2UC3O22_41.cif
Ca2ZnSi2O7_113,RRUFF,RRUFF:R040026-1,R040026-1,https://rruff.info/R040026,inferred_from_rruff_id,Ca2ZnSi2O7,Ca2ZnSi2O7,real_spectra/Ca2ZnSi2O7_113/Ca2ZnSi2O7_113.xy,real_spectra/Ca2ZnSi2O7_113/Ca2ZnSi2O7_113.cif
Ca3Al2(SiO4)3_230,RRUFF,RRUFF:R060499-1,R060499-1,https://rruff.info/R060499,inferred_from_rruff_id,Ca3Al2(SiO4)3,Ca3Al2(SiO4)3,real_spectra/Ca3Al2(SiO4)3_230/Ca3Al2(SiO4)3_230.xy,real_spectra/Ca3Al2(SiO4)3_230/Ca3Al2(SiO4)3_230.cif
Ca3Al2H6S(OF)8_15,RRUFF,RRUFF:R050141-1,R050141-1,https://rruff.info/R050141,inferred_from_rruff_id,Ca3Al2H6S(OF)8,Ca3Al2H6S(OF)8,real_spectra/Ca3Al2H6S(OF)8_15/Ca3Al2H6S(OF)8_15.xy,real_spectra/Ca3Al2H6S(OF)8_15/Ca3Al2H6S(OF)8_15.cif
Ca3B6(H4O5)4_15,RRUFF,RRUFF:R060685-1,R060685-1,https://rruff.info/R060685,inferred_from_rruff_id,Ca3B6(H4O5)4,Ca3B6(H4O5)4,real_spectra/Ca3B6(H4O5)4_15/Ca3B6(H4O5)4_15.xy,real_spectra/Ca3B6(H4O5)4_15/Ca3B6(H4O5)4_15.cif
Ca3Cr2(SiO4)3_230,RRUFF,RRUFF:R061041-1,R061041-1,https://rruff.info/R061041,inferred_from_rruff_id,Ca3Cr2(SiO4)3,Ca3Cr2(SiO4)3,real_spectra/Ca3Cr2(SiO4)3_230/Ca3Cr2(SiO4)3_230.xy,real_spectra/Ca3Cr2(SiO4)3_230/Ca3Cr2(SiO4)3_230.cif
Ca3Fe2(SiO4)3_230,RRUFF,RRUFF:R060358-1,R060358-1,https://rruff.info/R060358,inferred_from_rruff_id,Ca3Fe2(SiO4)3,Ca3Fe2(SiO4)3,real_spectra/Ca3Fe2(SiO4)3_230/Ca3Fe2(SiO4)3_230.xy,real_spectra/Ca3Fe2(SiO4)3_230/Ca3Fe2(SiO4)3_230.cif
Ca3Mg(SiO4)2_14,RRUFF,RRUFF:R070195-1,R070195-1,https://rruff.info/R070195,inferred_from_rruff_id,Ca3Mg(SiO4)2,Ca3Mg(SiO4)2,real_spectra/Ca3Mg(SiO4)2_14/Ca3Mg(SiO4)2_14.xy,real_spectra/Ca3Mg(SiO4)2_14/Ca3Mg(SiO4)2_14.cif
Ca3MnSi2Pb2O7_1,opXRD,opXRD:001171,1171,,not_recorded_in_manifest,Ca3MnSi2Pb2O7,Ca3MnSi2Pb2O7,real_spectra/Ca3MnSi2Pb2O7_1/Ca3MnSi2Pb2O7_1.xy,real_spectra/Ca3MnSi2Pb2O7_1/Ca3MnSi2Pb2O7_1.cif
Ca4Si3O10_1,opXRD,opXRD:000766,766,,not_recorded_in_manifest,Ca4Si3O10,Ca4Si3O10,real_spectra/Ca4Si3O10_1/Ca4Si3O10_1.xy,real_spectra/Ca4Si3O10_1/Ca4Si3O10_1.cif
Ca5(SiO3)3_1,opXRD,opXRD:000419,419,,not_recorded_in_manifest,Ca5(SiO3)3,Ca5(SiO3)3,real_spectra/Ca5(SiO3)3_1/Ca5(SiO3)3_1.xy,real_spectra/Ca5(SiO3)3_1/Ca5(SiO3)3_1.cif
Ca5As3O12F_1,opXRD,opXRD:000914,914,,not_recorded_in_manifest,Ca5As3O12F,Ca5As3O12F,real_spectra/Ca5As3O12F_1/Ca5As3O12F_1.xy,real_spectra/Ca5As3O12F_1/Ca5As3O12F_1.cif
Ca5P3ClO12_176,RRUFF,RRUFF:R060192-1,R060192-1,https://rruff.info/R060192,inferred_from_rruff_id,Ca5P3ClO12,Ca5P3ClO12,real_spectra/Ca5P3ClO12_176/Ca5P3ClO12_176.xy,real_spectra/Ca5P3ClO12_176/Ca5P3ClO12_176.cif
Ca5P3O12F_176,RRUFF,RRUFF:R050529-1,R050529-1,https://rruff.info/R050529,inferred_from_rruff_id,Ca5P3O12F,Ca5P3O12F,real_spectra/Ca5P3O12F_176/Ca5P3O12F_176.xy,real_spectra/Ca5P3O12F_176/Ca5P3O12F_176.cif
Ca5Si2C2O13_14,RRUFF,RRUFF:R050227-1,R050227-1,https://rruff.info/R050227,inferred_from_rruff_id,Ca5Si2C2O13,Ca5Si2C2O13,real_spectra/Ca5Si2C2O13_14/Ca5Si2C2O13_14.xy,real_spectra/Ca5Si2C2O13_14/Ca5Si2C2O13_14.cif
Ca5Si2CO11_14,RRUFF,RRUFF:R050236-1,R050236-1,https://rruff.info/R050236,inferred_from_rruff_id,Ca5Si2CO11,Ca5Si2CO11,real_spectra/Ca5Si2CO11_14/Ca5Si2CO11_14.xy,real_spectra/Ca5Si2CO11_14/Ca5Si2CO11_14.cif
Ca6MnSi6Pb2(SO16)2_12,RRUFF,RRUFF:R070713-1,R070713-1,https://rruff.info/R070713,inferred_from_rruff_id,Ca6MnSi6Pb2(SO16)2,Ca6MnSi6Pb2(SO16)2,real_spectra/Ca6MnSi6Pb2(SO16)2_12/Ca6MnSi6Pb2(SO16)2_12.xy,real_spectra/Ca6MnSi6Pb2(SO16)2_12/Ca6MnSi6Pb2(SO16)2_12.cif
Ca7NbSi4O17F_1,opXRD,opXRD:000334,334,,not_recorded_in_manifest,Ca7NbSi4O17F,Ca7NbSi4O17F,real_spectra/Ca7NbSi4O17F_1/Ca7NbSi4O17F_1.xy,real_spectra/Ca7NbSi4O17F_1/Ca7NbSi4O17F_1.cif
CaAl2(OF)4_15,RRUFF,RRUFF:R050668-1,R050668-1,https://rruff.info/R050668,inferred_from_rruff_id,CaAl2(OF)4,CaAl2(OF)4,real_spectra/CaAl2(OF)4_15/CaAl2(OF)4_15.xy,real_spectra/CaAl2(OF)4_15/CaAl2(OF)4_15.cif
CaAl2(SiO4)2_2,RRUFF,RRUFF:R060275-1,R060275-1,https://rruff.info/R060275,inferred_from_rruff_id,CaAl2(SiO4)2,CaAl2(SiO4)2,real_spectra/CaAl2(SiO4)2_2/CaAl2(SiO4)2_2.xy,real_spectra/CaAl2(SiO4)2_2/CaAl2(SiO4)2_2.cif
CaAl2Si2H5O11_1,opXRD,opXRD:000683,683,,not_recorded_in_manifest,CaAl2Si2H5O11,CaAl2Si2H5O11,real_spectra/CaAl2Si2H5O11_1/CaAl2Si2H5O11_1.xy,real_spectra/CaAl2Si2H5O11_1/CaAl2Si2H5O11_1.cif
CaAlB3O7_67,RRUFF,RRUFF:R070640-1,R070640-1,https://rruff.info/R070640,inferred_from_rruff_id,CaAlB3O7,CaAlB3O7,real_spectra/CaAlB3O7_67/CaAlB3O7_67.xy,real_spectra/CaAlB3O7_67/CaAlB3O7_67.cif
CaAlSiHO5_19,RRUFF,RRUFF:R050397-1,R050397-1,https://rruff.info/R050397,inferred_from_rruff_id,CaAlSiHO5,CaAlSiHO5,real_spectra/CaAlSiHO5_19/CaAlSiHO5_19.xy,real_spectra/CaAlSiHO5_19/CaAlSiHO5_19.cif
CaB3H7O9_2,RRUFF,RRUFF:R050671-1,R050671-1,https://rruff.info/R050671,inferred_from_rruff_id,CaB3H7O9,CaB3H7O9,real_spectra/CaB3H7O9_2/CaB3H7O9_2.xy,real_spectra/CaB3H7O9_2/CaB3H7O9_2.cif
CaBePO5_14,RRUFF,RRUFF:R050520-1,R050520-1,https://rruff.info/R050520,inferred_from_rruff_id,CaBePO5,CaBePO5,real_spectra/CaBePO5_14/CaBePO5_14.xy,real_spectra/CaBePO5_14/CaBePO5_14.cif
CaCO3_167,RRUFF,RRUFF:R050128-1,R050128-1,https://rruff.info/R050128,inferred_from_rruff_id,CaCO3,CaCO3,real_spectra/CaCO3_167/CaCO3_167.xy,real_spectra/CaCO3_167/CaCO3_167.cif
CaCO3_62,RRUFF,RRUFF:R040078-1,R040078-1,https://rruff.info/R040078,inferred_from_rruff_id,CaCO3,CaCO3,real_spectra/CaCO3_62/CaCO3_62.xy,real_spectra/CaCO3_62/CaCO3_62.cif
CaCu2SiH2O5_1,opXRD,opXRD:000699,699,,not_recorded_in_manifest,CaCu2SiH2O5,CaCu2SiH2O5,real_spectra/CaCu2SiH2O5_1/CaCu2SiH2O5_1.xy,real_spectra/CaCu2SiH2O5_1/CaCu2SiH2O5_1.cif
CaCuB(HO)6_1,opXRD,opXRD:000535,535,,not_recorded_in_manifest,CaCuB(HO)6,CaCuB(HO)6,real_spectra/CaCuB(HO)6_1/CaCuB(HO)6_1.xy,real_spectra/CaCuB(HO)6_1/CaCuB(HO)6_1.cif
CaF2_225,RRUFF,RRUFF:R050045-1,R050045-1,https://rruff.info/R050045,inferred_from_rruff_id,CaF2,CaF2,real_spectra/CaF2_225/CaF2_225.xy,real_spectra/CaF2_225/CaF2_225.cif
CaFe(SiO3)2_15,RRUFF,RRUFF:R070136-1,R070136-1,https://rruff.info/R070136,inferred_from_rruff_id,CaFe(SiO3)2,CaFe(SiO3)2,real_spectra/CaFe(SiO3)2_15/CaFe(SiO3)2_15.xy,real_spectra/CaFe(SiO3)2_15/CaFe(SiO3)2_15.cif
CaGeH6CSO6_1,opXRD,opXRD:000103,103,,not_recorded_in_manifest,CaGeH6CSO6,CaGeH6CSO6,real_spectra/CaGeH6CSO6_1/CaGeH6CSO6_1.xy,real_spectra/CaGeH6CSO6_1/CaGeH6CSO6_1.cif
CaMg(CO3)2_148,RRUFF,RRUFF:R040030-1,R040030-1,https://rruff.info/R040030,inferred_from_rruff_id,CaMg(CO3)2,CaMg(CO3)2,real_spectra/CaMg(CO3)2_148/CaMg(CO3)2_148.xy,real_spectra/CaMg(CO3)2_148/CaMg(CO3)2_148.cif
CaMg(SiO3)2_15,RRUFF,RRUFF:R070123-1,R070123-1,https://rruff.info/R070123,inferred_from_rruff_id,CaMg(SiO3)2,CaMg(SiO3)2,real_spectra/CaMg(SiO3)2_15/CaMg(SiO3)2_15.xy,real_spectra/CaMg(SiO3)2_15/CaMg(SiO3)2_15.cif
CaMg3(CO3)4_155,RRUFF,RRUFF:R040126-1,R040126-1,https://rruff.info/R040126,inferred_from_rruff_id,CaMg3(CO3)4,CaMg3(CO3)4,real_spectra/CaMg3(CO3)4_155/CaMg3(CO3)4_155.xy,real_spectra/CaMg3(CO3)4_155/CaMg3(CO3)4_155.cif
CaMgPH2O5_1,opXRD,opXRD:001025,1025,,not_recorded_in_manifest,CaMgPH2O5,CaMgPH2O5,real_spectra/CaMgPH2O5_1/CaMgPH2O5_1.xy,real_spectra/CaMgPH2O5_1/CaMgPH2O5_1.cif
CaMgSiO3_1,opXRD,opXRD:000776,776,,not_recorded_in_manifest,CaMgSiO3,CaMgSiO3,real_spectra/CaMgSiO3_1/CaMgSiO3_1.xy,real_spectra/CaMgSiO3_1/CaMgSiO3_1.cif
CaMgSiO4_62,RRUFF,RRUFF:R040115-1,R040115-1,https://rruff.info/R040115,inferred_from_rruff_id,CaMgSiO4,CaMgSiO4,real_spectra/CaMgSiO4_62/CaMgSiO4_62.xy,real_spectra/CaMgSiO4_62/CaMgSiO4_62.cif
CaMn(SiO3)2_2,RRUFF,RRUFF:R040014-1,R040014-1,https://rruff.info/R040014,inferred_from_rruff_id,CaMn(SiO3)2,CaMn(SiO3)2,real_spectra/CaMn(SiO3)2_2/CaMn(SiO3)2_2.xy,real_spectra/CaMn(SiO3)2_2/CaMn(SiO3)2_2.cif
CaMn2O4_57,RRUFF,RRUFF:R060829-1,R060829-1,https://rruff.info/R060829,inferred_from_rruff_id,CaMn2O4,CaMn2O4,real_spectra/CaMn2O4_57/CaMn2O4_57.xy,real_spectra/CaMn2O4_57/CaMn2O4_57.cif
CaMoO4_88,RRUFF,RRUFF:R050355-1,R050355-1,https://rruff.info/R050355,inferred_from_rruff_id,CaMoO4,CaMoO4,real_spectra/CaMoO4_88/CaMoO4_88.xy,real_spectra/CaMoO4_88/CaMoO4_88.cif
CaSi(HO2)2_43,RRUFF,RRUFF:R060917-1,R060917-1,https://rruff.info/R060917,inferred_from_rruff_id,CaSi(HO2)2,CaSi(HO2)2,real_spectra/CaSi(HO2)2_43/CaSi(HO2)2_43.xy,real_spectra/CaSi(HO2)2_43/CaSi(HO2)2_43.cif
CaSi2(BO4)2_62,RRUFF,RRUFF:R050602-1,R050602-1,https://rruff.info/R050602,inferred_from_rruff_id,CaSi2(BO4)2,CaSi2(BO4)2,real_spectra/CaSi2(BO4)2_62/CaSi2(BO4)2_62.xy,real_spectra/CaSi2(BO4)2_62/CaSi2(BO4)2_62.cif
CaSiH10CSO9_1,opXRD,opXRD:001088,1088,,not_recorded_in_manifest,CaSiH10CSO9,CaSiH10CSO9,real_spectra/CaSiH10CSO9_1/CaSiH10CSO9_1.xy,real_spectra/CaSiH10CSO9_1/CaSiH10CSO9_1.cif
CaV2O8_1,opXRD,opXRD:000545,545,,not_recorded_in_manifest,CaV2O8,CaV2O8,real_spectra/CaV2O8_1/CaV2O8_1.xy,real_spectra/CaV2O8_1/CaV2O8_1.cif
CaV2P2(H4O7)2_1,opXRD,opXRD:000497,497,,not_recorded_in_manifest,CaV2P2(H4O7)2,CaV2P2(H4O7)2,real_spectra/CaV2P2(H4O7)2_1/CaV2P2(H4O7)2_1.xy,real_spectra/CaV2P2(H4O7)2_1/CaV2P2(H4O7)2_1.cif
CaWO4_88,RRUFF,RRUFF:R060417-1,R060417-1,https://rruff.info/R060417,inferred_from_rruff_id,CaWO4,CaWO4,real_spectra/CaWO4_88/CaWO4_88.xy,real_spectra/CaWO4_88/CaWO4_88.cif
CaZnSiH2O5_9,RRUFF,RRUFF:R050416-1,R050416-1,https://rruff.info/R050416,inferred_from_rruff_id,CaZnSiH2O5,CaZnSiH2O5,real_spectra/CaZnSiH2O5_9/CaZnSiH2O5_9.xy,real_spectra/CaZnSiH2O5_9/CaZnSiH2O5_9.cif
CaZrAl9BO18_173,RRUFF,RRUFF:R060957-1,R060957-1,https://rruff.info/R060957,inferred_from_rruff_id,CaZrAl9BO18,CaZrAl9BO18,real_spectra/CaZrAl9BO18_173/CaZrAl9BO18_173.xy,real_spectra/CaZrAl9BO18_173/CaZrAl9BO18_173.cif
CdCO3_167,RRUFF,RRUFF:R050677-1,R050677-1,https://rruff.info/R050677,inferred_from_rruff_id,CdCO3,CdCO3,real_spectra/CdCO3_167/CdCO3_167.xy,real_spectra/CdCO3_167/CdCO3_167.cif
CdS_186,RRUFF,RRUFF:R090045-1,R090045-1,https://rruff.info/R090045,inferred_from_rruff_id,CdS,CdS,real_spectra/CdS_186/CdS_186.xy,real_spectra/CdS_186/CdS_186.cif
Ce4Ti2Fe3(Si2O11)2_12,RRUFF,RRUFF:R060282-1,R060282-1,https://rruff.info/R060282,inferred_from_rruff_id,Ce4Ti2Fe3(Si2O11)2,Ce4Ti2Fe3(Si2O11)2,real_spectra/Ce4Ti2Fe3(Si2O11)2_12/Ce4Ti2Fe3(Si2O11)2_12.xy,real_spectra/Ce4Ti2Fe3(Si2O11)2_12/Ce4Ti2Fe3(Si2O11)2_12.cif
CeCO3F_190,RRUFF,RRUFF:R060629-1,R060629-1,https://rruff.info/R060629,inferred_from_rruff_id,CeCO3F,CeCO3F,real_spectra/CeCO3F_190/CeCO3F_190.xy,real_spectra/CeCO3F_190/CeCO3F_190.cif
CeSiBO5_144,RRUFF,RRUFF:R060899-1,R060899-1,https://rruff.info/R060899,inferred_from_rruff_id,CeSiBO5,CeSiBO5,real_spectra/CeSiBO5_144/CeSiBO5_144.xy,real_spectra/CeSiBO5_144/CeSiBO5_144.cif
Co2CuS4_227,RRUFF,RRUFF:R050089-1,R050089-1,https://rruff.info/R050089,inferred_from_rruff_id,Co2CuS4,Co2CuS4,real_spectra/Co2CuS4_227/Co2CuS4_227.xy,real_spectra/Co2CuS4_227/Co2CuS4_227.cif
CoAs3_204,RRUFF,RRUFF:R050593-1,R050593-1,https://rruff.info/R050593,inferred_from_rruff_id,CoAs3,CoAs3,real_spectra/CoAs3_204/CoAs3_204.xy,real_spectra/CoAs3_204/CoAs3_204.cif
CsBeAlBO3_1,opXRD,opXRD:000332,332,,not_recorded_in_manifest,CsBeAlBO3,CsBeAlBO3,real_spectra/CsBeAlBO3_1/CsBeAlBO3_1.xy,real_spectra/CsBeAlBO3_1/CsBeAlBO3_1.cif
Cu2AsO5_14,RRUFF,RRUFF:R050532-1,R050532-1,https://rruff.info/R050532,inferred_from_rruff_id,Cu2AsO5,Cu2AsO5,real_spectra/Cu2AsO5_14/Cu2AsO5_14.xy,real_spectra/Cu2AsO5_14/Cu2AsO5_14.cif
Cu2H10SO9_1,opXRD,opXRD:001053,1053,,not_recorded_in_manifest,Cu2H10SO9,Cu2H10SO9,real_spectra/Cu2H10SO9_1/Cu2H10SO9_1.xy,real_spectra/Cu2H10SO9_1/Cu2H10SO9_1.cif
Cu2H2CO5_14,RRUFF,RRUFF:R050508-1,R050508-1,https://rruff.info/R050508,inferred_from_rruff_id,Cu2H2CO5,Cu2H2CO5,real_spectra/Cu2H2CO5_14/Cu2H2CO5_14.xy,real_spectra/Cu2H2CO5_14/Cu2H2CO5_14.cif
Cu2O_224,RRUFF,RRUFF:R140763-1,R140763-1,https://rruff.info/R140763,inferred_from_rruff_id,Cu2O,Cu2O,real_spectra/Cu2O_224/Cu2O_224.xy,real_spectra/Cu2O_224/Cu2O_224.cif
Cu2S_14,RRUFF,RRUFF:R050067-1,R050067-1,https://rruff.info/R050067,inferred_from_rruff_id,Cu2S,Cu2S,real_spectra/Cu2S_14/Cu2S_14.xy,real_spectra/Cu2S_14/Cu2S_14.cif
Cu3As2H2PbO10_15,RRUFF,RRUFF:R050670-1,R050670-1,https://rruff.info/R050670,inferred_from_rruff_id,Cu3As2H2PbO10,Cu3As2H2PbO10,real_spectra/Cu3As2H2PbO10_15/Cu3As2H2PbO10_15.xy,real_spectra/Cu3As2H2PbO10_15/Cu3As2H2PbO10_15.cif
Cu3AsO7_14,RRUFF,RRUFF:R070092-1,R070092-1,https://rruff.info/R070092,inferred_from_rruff_id,Cu3AsO7,Cu3AsO7,real_spectra/Cu3AsO7_14/Cu3AsO7_14.xy,real_spectra/Cu3AsO7_14/Cu3AsO7_14.cif
Cu3AsS4_31,RRUFF,RRUFF:R050373-1,R050373-1,https://rruff.info/R050373,inferred_from_rruff_id,Cu3AsS4,Cu3AsS4,real_spectra/Cu3AsS4_31/Cu3AsS4_31.xy,real_spectra/Cu3AsS4_31/Cu3AsS4_31.cif
Cu3BiS3_19,RRUFF,RRUFF:R050327-1,R050327-1,https://rruff.info/R050327,inferred_from_rruff_id,Cu3BiS3,Cu3BiS3,real_spectra/Cu3BiS3_19/Cu3BiS3_19.xy,real_spectra/Cu3BiS3_19/Cu3BiS3_19.cif
Cu3H2(CO4)2_14,RRUFF,RRUFF:R050638-1,R050638-1,https://rruff.info/R050638,inferred_from_rruff_id,Cu3H2(CO4)2,Cu3H2(CO4)2,real_spectra/Cu3H2(CO4)2_14/Cu3H2(CO4)2_14.xy,real_spectra/Cu3H2(CO4)2_14/Cu3H2(CO4)2_14.cif
Cu3H4SO8_62,RRUFF,RRUFF:R050212-1,R050212-1,https://rruff.info/R050212,inferred_from_rruff_id,Cu3H4SO8,Cu3H4SO8,real_spectra/Cu3H4SO8_62/Cu3H4SO8_62.xy,real_spectra/Cu3H4SO8_62/Cu3H4SO8_62.cif
Cu4H7SO9_1,opXRD,opXRD:000733,733,,not_recorded_in_manifest,Cu4H7SO9,Cu4H7SO9,real_spectra/Cu4H7SO9_1/Cu4H7SO9_1.xy,real_spectra/Cu4H7SO9_1/Cu4H7SO9_1.cif
Cu5(PO6)2_14,RRUFF,RRUFF:R040175-1,R040175-1,https://rruff.info/R040175,inferred_from_rruff_id,Cu5(PO6)2,Cu5(PO6)2,real_spectra/Cu5(PO6)2_14/Cu5(PO6)2_14.xy,real_spectra/Cu5(PO6)2_14/Cu5(PO6)2_14.cif
Cu5Si4(HO7)2_61,RRUFF,RRUFF:R050133-1,R050133-1,https://rruff.info/R050133,inferred_from_rruff_id,Cu5Si4(HO7)2,Cu5Si4(HO7)2,real_spectra/Cu5Si4(HO7)2_61/Cu5Si4(HO7)2_61.xy,real_spectra/Cu5Si4(HO7)2_61/Cu5Si4(HO7)2_61.cif
CuAsPbO5_19,RRUFF,RRUFF:R050507-1,R050507-1,https://rruff.info/R050507,inferred_from_rruff_id,CuAsPbO5,CuAsPbO5,real_spectra/CuAsPbO5_19/CuAsPbO5_19.xy,real_spectra/CuAsPbO5_19/CuAsPbO5_19.cif
CuBi3PbS6_1,opXRD,opXRD:001054,1054,,not_recorded_in_manifest,CuBi3PbS6,CuBi3PbS6,real_spectra/CuBi3PbS6_1/CuBi3PbS6_1.xy,real_spectra/CuBi3PbS6_1/CuBi3PbS6_1.cif
CuH10SO9_2,RRUFF,RRUFF:R050354-1,R050354-1,https://rruff.info/R050354,inferred_from_rruff_id,CuH10SO9,CuH10SO9,real_spectra/CuH10SO9_2/CuH10SO9_2.xy,real_spectra/CuH10SO9_2/CuH10SO9_2.cif
CuH4Pb2(ClO2)2_99,RRUFF,RRUFF:R050270-1,R050270-1,https://rruff.info/R050270,inferred_from_rruff_id,CuH4Pb2(ClO2)2,CuH4Pb2(ClO2)2,real_spectra/CuH4Pb2(ClO2)2_99/CuH4Pb2(ClO2)2_99.xy,real_spectra/CuH4Pb2(ClO2)2_99/CuH4Pb2(ClO2)2_99.cif
CuSbPbS3_31,RRUFF,RRUFF:R050364-1,R050364-1,https://rruff.info/R050364,inferred_from_rruff_id,CuSbPbS3,CuSbPbS3,real_spectra/CuSbPbS3_31/CuSbPbS3_31.xy,real_spectra/CuSbPbS3_31/CuSbPbS3_31.cif
CuSi(HO2)2_148,RRUFF,RRUFF:R040028-1,R040028-1,https://rruff.info/R040028,inferred_from_rruff_id,CuSi(HO2)2,CuSi(HO2)2,real_spectra/CuSi(HO2)2_148/CuSi(HO2)2_148.xy,real_spectra/CuSi(HO2)2_148/CuSi(HO2)2_148.cif
Fe2O3_167,RRUFF,RRUFF:R040024-1,R040024-1,https://rruff.info/R040024,inferred_from_rruff_id,Fe2O3,Fe2O3,real_spectra/Fe2O3_167/Fe2O3_167.xy,real_spectra/Fe2O3_167/Fe2O3_167.cif
Fe2O3_206,RRUFF,RRUFF:R050395-1,R050395-1,https://rruff.info/R050395,inferred_from_rruff_id,Fe2O3,Fe2O3,real_spectra/Fe2O3_206/Fe2O3_206.xy,real_spectra/Fe2O3_206/Fe2O3_206.cif
Fe2PHO5_1,opXRD,opXRD:000505,505,,not_recorded_in_manifest,Fe2PHO5,Fe2PHO5,real_spectra/Fe2PHO5_1/Fe2PHO5_1.xy,real_spectra/Fe2PHO5_1/Fe2PHO5_1.cif
Fe2PHO5_14,RRUFF,RRUFF:R050614-1,R050614-1,https://rruff.info/R050614,inferred_from_rruff_id,Fe2PHO5,Fe2PHO5,real_spectra/Fe2PHO5_14/Fe2PHO5_14.xy,real_spectra/Fe2PHO5_14/Fe2PHO5_14.cif
Fe2PO4F_15,RRUFF,RRUFF:R050279-1,R050279-1,https://rruff.info/R050279,inferred_from_rruff_id,Fe2PO4F,Fe2PO4F,real_spectra/Fe2PO4F_15/Fe2PO4F_15.xy,real_spectra/Fe2PO4F_15/Fe2PO4F_15.cif
Fe2Si2SbO9_8,RRUFF,RRUFF:R060910-1,R060910-1,https://rruff.info/R060910,inferred_from_rruff_id,Fe2Si2SbO9,Fe2Si2SbO9,real_spectra/Fe2Si2SbO9_8/Fe2Si2SbO9_8.xy,real_spectra/Fe2Si2SbO9_8/Fe2Si2SbO9_8.cif
Fe2SiO4_62,RRUFF,RRUFF:R070374-1,R070374-1,https://rruff.info/R070374,inferred_from_rruff_id,Fe2SiO4,Fe2SiO4,real_spectra/Fe2SiO4_62/Fe2SiO4_62.xy,real_spectra/Fe2SiO4_62/Fe2SiO4_62.cif
Fe3BO5_55,RRUFF,RRUFF:R050477-1,R050477-1,https://rruff.info/R050477,inferred_from_rruff_id,Fe3BO5,Fe3BO5,real_spectra/Fe3BO5_55/Fe3BO5_55.xy,real_spectra/Fe3BO5_55/Fe3BO5_55.cif
Fe3P2H3O10_1,opXRD,opXRD:000235,235,,not_recorded_in_manifest,Fe3P2H3O10,Fe3P2H3O10,real_spectra/Fe3P2H3O10_1/Fe3P2H3O10_1.xy,real_spectra/Fe3P2H3O10_1/Fe3P2H3O10_1.cif
Fe3S3O23_1,opXRD,opXRD:000111,111,,not_recorded_in_manifest,Fe3S3O23,Fe3S3O23,real_spectra/Fe3S3O23_1/Fe3S3O23_1.xy,real_spectra/Fe3S3O23_1/Fe3S3O23_1.cif
FeAs2_58,RRUFF,RRUFF:R060185-1,R060185-1,https://rruff.info/R060185,inferred_from_rruff_id,FeAs2,FeAs2,real_spectra/FeAs2_58/FeAs2_58.xy,real_spectra/FeAs2_58/FeAs2_58.cif
FeCO3_167,RRUFF,RRUFF:R050349-1,R050349-1,https://rruff.info/R050349,inferred_from_rruff_id,FeCO3,FeCO3,real_spectra/FeCO3_167/FeCO3_167.xy,real_spectra/FeCO3_167/FeCO3_167.cif
FeCuO2_166,RRUFF,RRUFF:R050403-1,R050403-1,https://rruff.info/R050403,inferred_from_rruff_id,FeCuO2,FeCuO2,real_spectra/FeCuO2_166/FeCuO2_166.xy,real_spectra/FeCuO2_166/FeCuO2_166.cif
FeCuS2_122,RRUFF,RRUFF:R050208-1,R050208-1,https://rruff.info/R050208,inferred_from_rruff_id,FeCuS2,FeCuS2,real_spectra/FeCuS2_122/FeCuS2_122.xy,real_spectra/FeCuS2_122/FeCuS2_122.cif
FeS_160,opXRD,opXRD:000306,306,,not_recorded_in_manifest,FeS,FeS,real_spectra/FeS_160/FeS_160.xy,real_spectra/FeS_160/FeS_160.cif
FeSb6(Pb2S7)2_14,RRUFF,RRUFF:R050430-1,R050430-1,https://rruff.info/R050430,inferred_from_rruff_id,FeSb6(Pb2S7)2,FeSb6(Pb2S7)2,real_spectra/FeSb6(Pb2S7)2_14/FeSb6(Pb2S7)2_14.xy,real_spectra/FeSb6(Pb2S7)2_14/FeSb6(Pb2S7)2_14.cif
FeWO2_1,opXRD,opXRD:000365,365,,not_recorded_in_manifest,FeWO2,FeWO2,real_spectra/FeWO2_1/FeWO2_1.xy,real_spectra/FeWO2_1/FeWO2_1.cif
FeWO4_13,RRUFF,RRUFF:R050632-1,R050632-1,https://rruff.info/R050632,inferred_from_rruff_id,FeWO4,FeWO4,real_spectra/FeWO4_13/FeWO4_13.xy,real_spectra/FeWO4_13/FeWO4_13.cif
HC2_1,opXRD,opXRD:000130,130,,not_recorded_in_manifest,HC2,HC2,real_spectra/HC2_1/HC2_1.xy,real_spectra/HC2_1/HC2_1.cif
HPbClO_12,RRUFF,RRUFF:R050271-1,R050271-1,https://rruff.info/R050271,inferred_from_rruff_id,HPbClO,HPbClO,real_spectra/HPbClO_12/HPbClO_12.xy,real_spectra/HPbClO_12/HPbClO_12.cif
HPbClO_6,opXRD,opXRD:000198,198,,not_recorded_in_manifest,HPbClO,HPbClO,real_spectra/HPbClO_6/HPbClO_6.xy,real_spectra/HPbClO_6/HPbClO_6.cif
Hg(SbS2)4_15,RRUFF,RRUFF:R050453-1,R050453-1,https://rruff.info/R050453,inferred_from_rruff_id,Hg(SbS2)4,Hg(SbS2)4,real_spectra/Hg(SbS2)4_15/Hg(SbS2)4_15.xy,real_spectra/Hg(SbS2)4_15/Hg(SbS2)4_15.cif
HgS_183,opXRD,opXRD:000615,615,,not_recorded_in_manifest,HgS,HgS,real_spectra/HgS_183/HgS_183.xy,real_spectra/HgS_183/HgS_183.cif
HgSe_216,RRUFF,RRUFF:R050550-1,R050550-1,https://rruff.info/R050550,inferred_from_rruff_id,HgSe,HgSe,real_spectra/HgSe_216/HgSe_216.xy,real_spectra/HgSe_216/HgSe_216.cif
K2Ca2Mg(S2O9)2_2,RRUFF,RRUFF:R070209-1,R070209-1,https://rruff.info/R070209,inferred_from_rruff_id,K2Ca2Mg(S2O9)2,K2Ca2Mg(S2O9)2,real_spectra/K2Ca2Mg(S2O9)2_2/K2Ca2Mg(S2O9)2_2.xy,real_spectra/K2Ca2Mg(S2O9)2_2/K2Ca2Mg(S2O9)2_2.cif
K2Ca5S6O25_15,RRUFF,RRUFF:R060578-1,R060578-1,https://rruff.info/R060578,inferred_from_rruff_id,K2Ca5S6O25,K2Ca5S6O25,real_spectra/K2Ca5S6O25_15/K2Ca5S6O25_15.xy,real_spectra/K2Ca5S6O25_15/K2Ca5S6O25_15.cif
K2CaH2S2O9_11,RRUFF,RRUFF:R061002-1,R061002-1,https://rruff.info/R061002,inferred_from_rruff_id,K2CaH2S2O9,K2CaH2S2O9,real_spectra/K2CaH2S2O9_11/K2CaH2S2O9_11.xy,real_spectra/K2CaH2S2O9_11/K2CaH2S2O9_11.cif
K2Fe2S5Cl_1,opXRD,opXRD:001003,1003,,not_recorded_in_manifest,K2Fe2S5Cl,K2Fe2S5Cl,real_spectra/K2Fe2S5Cl_1/K2Fe2S5Cl_1.xy,real_spectra/K2Fe2S5Cl_1/K2Fe2S5Cl_1.cif
K2Mg2(SO4)3_198,RRUFF,RRUFF:R070285-1,R070285-1,https://rruff.info/R070285,inferred_from_rruff_id,K2Mg2(SO4)3,K2Mg2(SO4)3,real_spectra/K2Mg2(SO4)3_198/K2Mg2(SO4)3_198.xy,real_spectra/K2Mg2(SO4)3_198/K2Mg2(SO4)3_198.cif
K3Al5P8(H21O25)2_167,RRUFF,RRUFF:R140802-1,R140802-1,https://rruff.info/R140802,inferred_from_rruff_id,K3Al5P8(H21O25)2,K3Al5P8(H21O25)2,real_spectra/K3Al5P8(H21O25)2_167/K3Al5P8(H21O25)2_167.xy,real_spectra/K3Al5P8(H21O25)2_167/K3Al5P8(H21O25)2_167.cif
KCu24Ag9H48Pb26(Cl31O24)2_221,RRUFF,RRUFF:R050022-1,R050022-1,https://rruff.info/R050022,inferred_from_rruff_id,KCu24Ag9H48Pb26(Cl31O24)2,KCu24Ag9H48Pb26(Cl31O24)2,real_spectra/KCu24Ag9H48Pb26(Cl31O24)2_221/KCu24Ag9H48Pb26(Cl31O24)2_221.xy,real_spectra/KCu24Ag9H48Pb26(Cl31O24)2_221/KCu24Ag9H48Pb26(Cl31O24)2_221.cif
KFeHS2O7_1,opXRD,opXRD:000609,609,,not_recorded_in_manifest,KFeHS2O7,KFeHS2O7,real_spectra/KFeHS2O7_1/KFeHS2O7_1.xy,real_spectra/KFeHS2O7_1/KFeHS2O7_1.cif
KFeS3_1,opXRD,opXRD:000534,534,,not_recorded_in_manifest,KFeS3,KFeS3,real_spectra/KFeS3_1/KFeS3_1.xy,real_spectra/KFeS3_1/KFeS3_1.cif
KLi3Zr2(Si2O5)6_192,RRUFF,RRUFF:R050648-1,R050648-1,https://rruff.info/R050648,inferred_from_rruff_id,KLi3Zr2(Si2O5)6,KLi3Zr2(Si2O5)6,real_spectra/KLi3Zr2(Si2O5)6_192/KLi3Zr2(Si2O5)6_192.xy,real_spectra/KLi3Zr2(Si2O5)6_192/KLi3Zr2(Si2O5)6_192.cif
KLiSiSnO3_1,opXRD,opXRD:000555,555,,not_recorded_in_manifest,KLiSiSnO3,KLiSiSnO3,real_spectra/KLiSiSnO3_1/KLiSiSnO3_1.xy,real_spectra/KLiSiSnO3_1/KLiSiSnO3_1.cif
KMg2B12H19O30_15,RRUFF,RRUFF:R060352-1,R060352-1,https://rruff.info/R060352,inferred_from_rruff_id,KMg2B12H19O30,KMg2B12H19O30,real_spectra/KMg2B12H19O30_15/KMg2B12H19O30_15.xy,real_spectra/KMg2B12H19O30_15/KMg2B12H19O30_15.cif
KNa22C2S9ClO42_176,RRUFF,RRUFF:R050291-1,R050291-1,https://rruff.info/R050291,inferred_from_rruff_id,KNa22C2S9ClO42,KNa22C2S9ClO42,real_spectra/KNa22C2S9ClO42_176/KNa22C2S9ClO42_176.xy,real_spectra/KNa22C2S9ClO42_176/KNa22C2S9ClO42_176.cif
KNaAl2(SiO3)2_1,opXRD,opXRD:000565,565,,not_recorded_in_manifest,KNaAl2(SiO3)2,KNaAl2(SiO3)2,real_spectra/KNaAl2(SiO3)2_1/KNaAl2(SiO3)2_1.xy,real_spectra/KNaAl2(SiO3)2_1/KNaAl2(SiO3)2_1.cif
KNaCu(Si2O5)2_1,opXRD,opXRD:001040,1040,,not_recorded_in_manifest,KNaCu(Si2O5)2,KNaCu(Si2O5)2,real_spectra/KNaCu(Si2O5)2_1/KNaCu(Si2O5)2_1.xy,real_spectra/KNaCu(Si2O5)2_1/KNaCu(Si2O5)2_1.cif
KNaSiBO3_1,opXRD,opXRD:000702,702,,not_recorded_in_manifest,KNaSiBO3,KNaSiBO3,real_spectra/KNaSiBO3_1/KNaSiBO3_1.xy,real_spectra/KNaSiBO3_1/KNaSiBO3_1.cif
KNaSiF6_62,RRUFF,RRUFF:R090034-1,R090034-1,https://rruff.info/R090034,inferred_from_rruff_id,KNaSiF6,KNaSiF6,real_spectra/KNaSiF6_62/KNaSiF6_62.xy,real_spectra/KNaSiF6_62/KNaSiF6_62.cif
KUVO6_1,opXRD,opXRD:000594,594,,not_recorded_in_manifest,KUVO6,KUVO6,real_spectra/KUVO6_1/KUVO6_1.xy,real_spectra/KUVO6_1/KUVO6_1.cif
KZrSiO2_1,opXRD,opXRD:000817,817,,not_recorded_in_manifest,KZrSiO2,KZrSiO2,real_spectra/KZrSiO2_1/KZrSiO2_1.xy,real_spectra/KZrSiO2_1/KZrSiO2_1.cif
Li2CO3_15,RRUFF,RRUFF:R100211-1,R100211-1,https://rruff.info/R100211,inferred_from_rruff_id,Li2CO3,Li2CO3,real_spectra/Li2CO3_15/Li2CO3_15.xy,real_spectra/Li2CO3_15/Li2CO3_15.cif
Li2Fe3PHO5_1,opXRD,opXRD:000239,239,,not_recorded_in_manifest,Li2Fe3PHO5,Li2Fe3PHO5,real_spectra/Li2Fe3PHO5_1/Li2Fe3PHO5_1.xy,real_spectra/Li2Fe3PHO5_1/Li2Fe3PHO5_1.cif
LiAl(Si2O5)2_13,RRUFF,RRUFF:R040100-1,R040100-1,https://rruff.info/R040100,inferred_from_rruff_id,LiAl(Si2O5)2,LiAl(Si2O5)2,real_spectra/LiAl(Si2O5)2_13/LiAl(Si2O5)2_13.xy,real_spectra/LiAl(Si2O5)2_13/LiAl(Si2O5)2_13.cif
LiAlPHO5_2,RRUFF,RRUFF:R050500-1,R050500-1,https://rruff.info/R050500,inferred_from_rruff_id,LiAlPHO5,LiAlPHO5,real_spectra/LiAlPHO5_2/LiAlPHO5_2.xy,real_spectra/LiAlPHO5_2/LiAlPHO5_2.cif
LiFe2PHO5_1,opXRD,opXRD:000701,701,,not_recorded_in_manifest,LiFe2PHO5,LiFe2PHO5,real_spectra/LiFe2PHO5_1/LiFe2PHO5_1.xy,real_spectra/LiFe2PHO5_1/LiFe2PHO5_1.cif
Mg2Al4Si5O18_66,RRUFF,RRUFF:R040082-1,R040082-1,https://rruff.info/R040082,inferred_from_rruff_id,Mg2Al4Si5O18,Mg2Al4Si5O18,real_spectra/Mg2Al4Si5O18_66/Mg2Al4Si5O18_66.xy,real_spectra/Mg2Al4Si5O18_66/Mg2Al4Si5O18_66.cif
Mg2H10SO9_1,opXRD,opXRD:000215,215,,not_recorded_in_manifest,Mg2H10SO9,Mg2H10SO9,real_spectra/Mg2H10SO9_1/Mg2H10SO9_1.xy,real_spectra/Mg2H10SO9_1/Mg2H10SO9_1.cif
Mg2SiO3_1,opXRD,opXRD:000374,374,,not_recorded_in_manifest,Mg2SiO3,Mg2SiO3,real_spectra/Mg2SiO3_1/Mg2SiO3_1.xy,real_spectra/Mg2SiO3_1/Mg2SiO3_1.cif
Mg2SiO4_62,RRUFF,RRUFF:R040052-1,R040052-1,https://rruff.info/R040052,inferred_from_rruff_id,Mg2SiO4,Mg2SiO4,real_spectra/Mg2SiO4_62/Mg2SiO4_62.xy,real_spectra/Mg2SiO4_62/Mg2SiO4_62.cif
Mg2ZrP2(H2O3)4_1,opXRD,opXRD:000993,993,,not_recorded_in_manifest,Mg2ZrP2(H2O3)4,Mg2ZrP2(H2O3)4,real_spectra/Mg2ZrP2(H2O3)4_1/Mg2ZrP2(H2O3)4_1.xy,real_spectra/Mg2ZrP2(H2O3)4_1/Mg2ZrP2(H2O3)4_1.cif
Mg3Al2(SiO4)3_230,RRUFF,RRUFF:R050446-1,R050446-1,https://rruff.info/R050446,inferred_from_rruff_id,Mg3Al2(SiO4)3,Mg3Al2(SiO4)3,real_spectra/Mg3Al2(SiO4)3_230/Mg3Al2(SiO4)3_230.xy,real_spectra/Mg3Al2(SiO4)3_230/Mg3Al2(SiO4)3_230.cif
Mg5H10(C2O9)2_14,RRUFF,RRUFF:R060011-1,R060011-1,https://rruff.info/R060011,inferred_from_rruff_id,Mg5H10(C2O9)2,Mg5H10(C2O9)2,real_spectra/Mg5H10(C2O9)2_14/Mg5H10(C2O9)2_14.xy,real_spectra/Mg5H10(C2O9)2_14/Mg5H10(C2O9)2_14.cif
MgAl2(PO5)2_14,RRUFF,RRUFF:R050269-1,R050269-1,https://rruff.info/R050269,inferred_from_rruff_id,MgAl2(PO5)2,MgAl2(PO5)2,real_spectra/MgAl2(PO5)2_14/MgAl2(PO5)2_14.xy,real_spectra/MgAl2(PO5)2_14/MgAl2(PO5)2_14.cif
MgAlH14SClO11_1,opXRD,opXRD:001240,1240,,not_recorded_in_manifest,MgAlH14SClO11,MgAlH14SClO11,real_spectra/MgAlH14SClO11_1/MgAlH14SClO11_1.xy,real_spectra/MgAlH14SClO11_1/MgAlH14SClO11_1.cif
MgAsO8_61,RRUFF,RRUFF:R060042-1,R060042-1,https://rruff.info/R060042,inferred_from_rruff_id,MgAsO8,MgAsO8,real_spectra/MgAsO8_61/MgAsO8_61.xy,real_spectra/MgAsO8_61/MgAsO8_61.cif
MgB3H15O13_1,opXRD,opXRD:000200,200,,not_recorded_in_manifest,MgB3H15O13,MgB3H15O13,real_spectra/MgB3H15O13_1/MgB3H15O13_1.xy,real_spectra/MgB3H15O13_1/MgB3H15O13_1.cif
MgB3H15O13_14,RRUFF,RRUFF:R050195-1,R050195-1,https://rruff.info/R050195,inferred_from_rruff_id,MgB3H15O13,MgB3H15O13,real_spectra/MgB3H15O13_14/MgB3H15O13_14.xy,real_spectra/MgB3H15O13_14/MgB3H15O13_14.cif
MgB3H15O13_2,RRUFF,RRUFF:R050393-1,R050393-1,https://rruff.info/R050393,inferred_from_rruff_id,MgB3H15O13,MgB3H15O13,real_spectra/MgB3H15O13_2/MgB3H15O13_2.xy,real_spectra/MgB3H15O13_2/MgB3H15O13_2.cif
MgBHO3_14,RRUFF,RRUFF:R070498-1,R070498-1,https://rruff.info/R070498,inferred_from_rruff_id,MgBHO3,MgBHO3,real_spectra/MgBHO3_14/MgBHO3_14.xy,real_spectra/MgBHO3_14/MgBHO3_14.cif
MgCO3_167,RRUFF,RRUFF:R050443-1,R050443-1,https://rruff.info/R050443,inferred_from_rruff_id,MgCO3,MgCO3,real_spectra/MgCO3_167/MgCO3_167.xy,real_spectra/MgCO3_167/MgCO3_167.cif
MgH20S2(NO7)2_14,RRUFF,RRUFF:R061027-1,R061027-1,https://rruff.info/R061027,inferred_from_rruff_id,MgH20S2(NO7)2,MgH20S2(NO7)2,real_spectra/MgH20S2(NO7)2_14/MgH20S2(NO7)2_14.xy,real_spectra/MgH20S2(NO7)2_14/MgH20S2(NO7)2_14.cif
MgH8SO8_14,RRUFF,RRUFF:R060321-1,R060321-1,https://rruff.info/R060321,inferred_from_rruff_id,MgH8SO8,MgH8SO8,real_spectra/MgH8SO8_14/MgH8SO8_14.xy,real_spectra/MgH8SO8_14/MgH8SO8_14.cif
MgHO_1,opXRD,opXRD:000584,584,,not_recorded_in_manifest,MgHO,MgHO,real_spectra/MgHO_1/MgHO_1.xy,real_spectra/MgHO_1/MgHO_1.cif
MgPH16NO10_31,RRUFF,RRUFF:R050511-1,R050511-1,https://rruff.info/R050511,inferred_from_rruff_id,MgPH16NO10,MgPH16NO10,real_spectra/MgPH16NO10_31/MgPH16NO10_31.xy,real_spectra/MgPH16NO10_31/MgPH16NO10_31.cif
Mn13Si2SbO24_157,RRUFF,RRUFF:R050664-1,R050664-1,https://rruff.info/R050664,inferred_from_rruff_id,Mn13Si2SbO24,Mn13Si2SbO24,real_spectra/Mn13Si2SbO24_157/Mn13Si2SbO24_157.xy,real_spectra/Mn13Si2SbO24_157/Mn13Si2SbO24_157.cif
Mn2PO4F_15,RRUFF,RRUFF:R060935-1,R060935-1,https://rruff.info/R060935,inferred_from_rruff_id,Mn2PO4F,Mn2PO4F,real_spectra/Mn2PO4F_15/Mn2PO4F_15.xy,real_spectra/Mn2PO4F_15/Mn2PO4F_15.cif
Mn2Si2SnBHO9_1,opXRD,opXRD:000315,315,,not_recorded_in_manifest,Mn2Si2SnBHO9,Mn2Si2SnBHO9,real_spectra/Mn2Si2SnBHO9_1/Mn2Si2SnBHO9_1.xy,real_spectra/Mn2Si2SnBHO9_1/Mn2Si2SnBHO9_1.cif
Mn3Al2(SiO4)3_230,RRUFF,RRUFF:R060447-1,R060447-1,https://rruff.info/R060447,inferred_from_rruff_id,Mn3Al2(SiO4)3,Mn3Al2(SiO4)3,real_spectra/Mn3Al2(SiO4)3_230/Mn3Al2(SiO4)3_230.xy,real_spectra/Mn3Al2(SiO4)3_230/Mn3Al2(SiO4)3_230.cif
Mn3B7ClO13_29,RRUFF,RRUFF:R060425-1,R060425-1,https://rruff.info/R060425,inferred_from_rruff_id,Mn3B7ClO13,Mn3B7ClO13,real_spectra/Mn3B7ClO13_29/Mn3B7ClO13_29.xy,real_spectra/Mn3B7ClO13_29/Mn3B7ClO13_29.cif
Mn3O4_141,RRUFF,RRUFF:R040090-1,R040090-1,https://rruff.info/R040090,inferred_from_rruff_id,Mn3O4,Mn3O4,real_spectra/Mn3O4_141/Mn3O4_141.xy,real_spectra/Mn3O4_141/Mn3O4_141.cif
Mn4Be3Si3SO12_218,RRUFF,RRUFF:R060059-1,R060059-1,https://rruff.info/R060059,inferred_from_rruff_id,Mn4Be3Si3SO12,Mn4Be3Si3SO12,real_spectra/Mn4Be3Si3SO12_218/Mn4Be3Si3SO12_218.xy,real_spectra/Mn4Be3Si3SO12_218/Mn4Be3Si3SO12_218.cif
Mn5(PO5)4_15,RRUFF,RRUFF:R070452-1,R070452-1,https://rruff.info/R070452,inferred_from_rruff_id,Mn5(PO5)4,Mn5(PO5)4,real_spectra/Mn5(PO5)4_15/Mn5(PO5)4_15.xy,real_spectra/Mn5(PO5)4_15/Mn5(PO5)4_15.cif
Mn6H7C2Cl5O13_1,opXRD,opXRD:000973,973,,not_recorded_in_manifest,Mn6H7C2Cl5O13,Mn6H7C2Cl5O13,real_spectra/Mn6H7C2Cl5O13_1/Mn6H7C2Cl5O13_1.xy,real_spectra/Mn6H7C2Cl5O13_1/Mn6H7C2Cl5O13_1.cif
Mn7(AsO8)2_14,RRUFF,RRUFF:R070175-1,R070175-1,https://rruff.info/R070175,inferred_from_rruff_id,Mn7(AsO8)2,Mn7(AsO8)2,real_spectra/Mn7(AsO8)2_14/Mn7(AsO8)2_14.xy,real_spectra/Mn7(AsO8)2_14/Mn7(AsO8)2_14.cif
Mn7SiO12_142,RRUFF,RRUFF:R050385-1,R050385-1,https://rruff.info/R050385,inferred_from_rruff_id,Mn7SiO12,Mn7SiO12,real_spectra/Mn7SiO12_142/Mn7SiO12_142.xy,real_spectra/Mn7SiO12_142/Mn7SiO12_142.cif
MnCO3_167,RRUFF,RRUFF:R100002-1,R100002-1,https://rruff.info/R100002,inferred_from_rruff_id,MnCO3,MnCO3,real_spectra/MnCO3_167/MnCO3_167.xy,real_spectra/MnCO3_167/MnCO3_167.cif
MnHO2_14,RRUFF,RRUFF:R070593-1,R070593-1,https://rruff.info/R070593,inferred_from_rruff_id,MnHO2,MnHO2,real_spectra/MnHO2_14/MnHO2_14.xy,real_spectra/MnHO2_14/MnHO2_14.cif
MnS2_205,RRUFF,RRUFF:R070506-1,R070506-1,https://rruff.info/R070506,inferred_from_rruff_id,MnS2,MnS2,real_spectra/MnS2_205/MnS2_205.xy,real_spectra/MnS2_205/MnS2_205.cif
MnS_225,RRUFF,RRUFF:R070174-1,R070174-1,https://rruff.info/R070174,inferred_from_rruff_id,MnS,MnS,real_spectra/MnS_225/MnS_225.xy,real_spectra/MnS_225/MnS_225.cif
MnSi6Pb8O21_167,RRUFF,RRUFF:R050002-1,R050002-1,https://rruff.info/R050002,inferred_from_rruff_id,MnSi6Pb8O21,MnSi6Pb8O21,real_spectra/MnSi6Pb8O21_167/MnSi6Pb8O21_167.xy,real_spectra/MnSi6Pb8O21_167/MnSi6Pb8O21_167.cif
MnWO4_13,RRUFF,RRUFF:R060900-1,R060900-1,https://rruff.info/R060900,inferred_from_rruff_id,MnWO4,MnWO4,real_spectra/MnWO4_13/MnWO4_13.xy,real_spectra/MnWO4_13/MnWO4_13.cif
MoO2_14,RRUFF,RRUFF:R100218-1,R100218-1,https://rruff.info/R100218,inferred_from_rruff_id,MoO2,MoO2,real_spectra/MoO2_14/MoO2_14.xy,real_spectra/MoO2_14/MoO2_14.cif
MoO3_62,RRUFF,RRUFF:R100217-1,R100217-1,https://rruff.info/R100217,inferred_from_rruff_id,MoO3,MoO3,real_spectra/MoO3_62/MoO3_62.xy,real_spectra/MoO3_62/MoO3_62.cif
MoPbO4_88,RRUFF,RRUFF:R050501-1,R050501-1,https://rruff.info/R050501,inferred_from_rruff_id,MoPbO4,MoPbO4,real_spectra/MoPbO4_88/MoPbO4_88.xy,real_spectra/MoPbO4_88/MoPbO4_88.cif
Na2AlSi3HO9_2,RRUFF,RRUFF:R070562-1,R070562-1,https://rruff.info/R070562,inferred_from_rruff_id,Na2AlSi3HO9,Na2AlSi3HO9,real_spectra/Na2AlSi3HO9_2/Na2AlSi3HO9_2.xy,real_spectra/Na2AlSi3HO9_2/Na2AlSi3HO9_2.cif
Na2AlV5H22O25_1,opXRD,opXRD:000408,408,,not_recorded_in_manifest,Na2AlV5H22O25,Na2AlV5H22O25,real_spectra/Na2AlV5H22O25_1/Na2AlV5H22O25_1.xy,real_spectra/Na2AlV5H22O25_1/Na2AlV5H22O25_1.cif
Na2B4H8O11_14,RRUFF,RRUFF:R050661-1,R050661-1,https://rruff.info/R050661,inferred_from_rruff_id,Na2B4H8O11,Na2B4H8O11,real_spectra/Na2B4H8O11_14/Na2B4H8O11_14.xy,real_spectra/Na2B4H8O11_14/Na2B4H8O11_14.cif
Na2B5H5O12_2,RRUFF,RRUFF:R060645-1,R060645-1,https://rruff.info/R060645,inferred_from_rruff_id,Na2B5H5O12,Na2B5H5O12,real_spectra/Na2B5H5O12_2/Na2B5H5O12_2.xy,real_spectra/Na2B5H5O12_2/Na2B5H5O12_2.cif
Na2Ca(SO4)2_15,RRUFF,RRUFF:R050350-1,R050350-1,https://rruff.info/R050350,inferred_from_rruff_id,Na2Ca(SO4)2,Na2Ca(SO4)2,real_spectra/Na2Ca(SO4)2_15/Na2Ca(SO4)2_15.xy,real_spectra/Na2Ca(SO4)2_15/Na2Ca(SO4)2_15.cif
Na2Ca2(CO3)3_38,RRUFF,RRUFF:R050248-1,R050248-1,https://rruff.info/R050248,inferred_from_rruff_id,Na2Ca2(CO3)3,Na2Ca2(CO3)3,real_spectra/Na2Ca2(CO3)3_38/Na2Ca2(CO3)3_38.xy,real_spectra/Na2Ca2(CO3)3_38/Na2Ca2(CO3)3_38.cif
Na2Ca2Al6Si9(H8O19)2_43,RRUFF,RRUFF:R040139-1,R040139-1,https://rruff.info/R040139,inferred_from_rruff_id,Na2Ca2Al6Si9(H8O19)2,Na2Ca2Al6Si9(H8O19)2,real_spectra/Na2Ca2Al6Si9(H8O19)2_43/Na2Ca2Al6Si9(H8O19)2_43.xy,real_spectra/Na2Ca2Al6Si9(H8O19)2_43/Na2Ca2Al6Si9(H8O19)2_43.cif
Na2CaH10C2O11_15,RRUFF,RRUFF:R040146-1,R040146-1,https://rruff.info/R040146,inferred_from_rruff_id,Na2CaH10C2O11,Na2CaH10C2O11,real_spectra/Na2CaH10C2O11_15/Na2CaH10C2O11_15.xy,real_spectra/Na2CaH10C2O11_15/Na2CaH10C2O11_15.cif
Na2LiFe(Si2O5)3_64,RRUFF,RRUFF:R061034-1,R061034-1,https://rruff.info/R061034,inferred_from_rruff_id,Na2LiFe(Si2O5)3,Na2LiFe(Si2O5)3,real_spectra/Na2LiFe(Si2O5)3_64/Na2LiFe(Si2O5)3_64.xy,real_spectra/Na2LiFe(Si2O5)3_64/Na2LiFe(Si2O5)3_64.cif
Na2SO4_70,RRUFF,RRUFF:R040183-1,R040183-1,https://rruff.info/R040183,inferred_from_rruff_id,Na2SO4,Na2SO4,real_spectra/Na2SO4_70/Na2SO4_70.xy,real_spectra/Na2SO4_70/Na2SO4_70.cif
Na2Ti2Si2O9_60,RRUFF,RRUFF:R060960-1,R060960-1,https://rruff.info/R060960,inferred_from_rruff_id,Na2Ti2Si2O9,Na2Ti2Si2O9,real_spectra/Na2Ti2Si2O9_60/Na2Ti2Si2O9_60.xy,real_spectra/Na2Ti2Si2O9_60/Na2Ti2Si2O9_60.cif
Na2TiFe5(Si3O10)2_2,RRUFF,RRUFF:R061088-1,R061088-1,https://rruff.info/R061088,inferred_from_rruff_id,Na2TiFe5(Si3O10)2,Na2TiFe5(Si3O10)2,real_spectra/Na2TiFe5(Si3O10)2_2/Na2TiFe5(Si3O10)2_2.xy,real_spectra/Na2TiFe5(Si3O10)2_2/Na2TiFe5(Si3O10)2_2.cif
Na2Zr(SiO3)6_57,RRUFF,RRUFF:R060214-1,R060214-1,https://rruff.info/R060214,inferred_from_rruff_id,Na2Zr(SiO3)6,Na2Zr(SiO3)6,real_spectra/Na2Zr(SiO3)6_57/Na2Zr(SiO3)6_57.xy,real_spectra/Na2Zr(SiO3)6_57/Na2Zr(SiO3)6_57.cif
Na3CaCuSi4(HO6)2_1,opXRD,opXRD:000732,732,,not_recorded_in_manifest,Na3CaCuSi4(HO6)2,Na3CaCuSi4(HO6)2,real_spectra/Na3CaCuSi4(HO6)2_1/Na3CaCuSi4(HO6)2_1.xy,real_spectra/Na3CaCuSi4(HO6)2_1/Na3CaCuSi4(HO6)2_1.cif
Na4Be2Si6SnO20_9,RRUFF,RRUFF:R070576-1,R070576-1,https://rruff.info/R070576,inferred_from_rruff_id,Na4Be2Si6SnO20,Na4Be2Si6SnO20,real_spectra/Na4Be2Si6SnO20_9/Na4Be2Si6SnO20_9.xy,real_spectra/Na4Be2Si6SnO20_9/Na4Be2Si6SnO20_9.cif
Na4Ca4Be4AlSi7(O6F)4_82,RRUFF,RRUFF:R060786-1,R060786-1,https://rruff.info/R060786,inferred_from_rruff_id,Na4Ca4Be4AlSi7(O6F)4,Na4Ca4Be4AlSi7(O6F)4,real_spectra/Na4Ca4Be4AlSi7(O6F)4_82/Na4Ca4Be4AlSi7(O6F)4_82.xy,real_spectra/Na4Ca4Be4AlSi7(O6F)4_82/Na4Ca4Be4AlSi7(O6F)4_82.cif
Na4Ce2(CO3)5_1,opXRD,opXRD:000284,284,,not_recorded_in_manifest,Na4Ce2(CO3)5,Na4Ce2(CO3)5,real_spectra/Na4Ce2(CO3)5_1/Na4Ce2(CO3)5_1.xy,real_spectra/Na4Ce2(CO3)5_1/Na4Ce2(CO3)5_1.cif
Na5Al3F14_128,RRUFF,RRUFF:R050412-1,R050412-1,https://rruff.info/R050412,inferred_from_rruff_id,Na5Al3F14,Na5Al3F14,real_spectra/Na5Al3F14_128/Na5Al3F14_128.xy,real_spectra/Na5Al3F14_128/Na5Al3F14_128.cif
Na6S2ClO8F_225,RRUFF,RRUFF:R050479-1,R050479-1,https://rruff.info/R050479,inferred_from_rruff_id,Na6S2ClO8F,Na6S2ClO8F,real_spectra/Na6S2ClO8F_225/Na6S2ClO8F_225.xy,real_spectra/Na6S2ClO8F_225/Na6S2ClO8F_225.cif
Na6TiNbSi2PO13_1,opXRD,opXRD:001183,1183,,not_recorded_in_manifest,Na6TiNbSi2PO13,Na6TiNbSi2PO13,real_spectra/Na6TiNbSi2PO13_1/Na6TiNbSi2PO13_1.xy,real_spectra/Na6TiNbSi2PO13_1/Na6TiNbSi2PO13_1.cif
NaAl(SiO3)2_15,RRUFF,RRUFF:R050220-1,R050220-1,https://rruff.info/R050220,inferred_from_rruff_id,NaAl(SiO3)2,NaAl(SiO3)2,real_spectra/NaAl(SiO3)2_15/NaAl(SiO3)2_15.xy,real_spectra/NaAl(SiO3)2_15/NaAl(SiO3)2_15.cif
NaAl3(PO7)2_92,RRUFF,RRUFF:R050643-1,R050643-1,https://rruff.info/R050643,inferred_from_rruff_id,NaAl3(PO7)2,NaAl3(PO7)2,real_spectra/NaAl3(PO7)2_92/NaAl3(PO7)2_92.xy,real_spectra/NaAl3(PO7)2_92/NaAl3(PO7)2_92.cif
NaAl3P2(HO3)4_14,RRUFF,RRUFF:R050126-1,R050126-1,https://rruff.info/R050126,inferred_from_rruff_id,NaAl3P2(HO3)4,NaAl3P2(HO3)4,real_spectra/NaAl3P2(HO3)4_14/NaAl3P2(HO3)4_14.xy,real_spectra/NaAl3P2(HO3)4_14/NaAl3P2(HO3)4_14.cif
NaAl6Fe3Si6B3O30F_160,RRUFF,RRUFF:R060132-1,R060132-1,https://rruff.info/R060132,inferred_from_rruff_id,NaAl6Fe3Si6B3O30F,NaAl6Fe3Si6B3O30F,real_spectra/NaAl6Fe3Si6B3O30F_160/NaAl6Fe3Si6B3O30F_160.xy,real_spectra/NaAl6Fe3Si6B3O30F_160/NaAl6Fe3Si6B3O30F_160.cif
NaAlSi3O8_2,RRUFF,RRUFF:R070268-1,R070268-1,https://rruff.info/R070268,inferred_from_rruff_id,NaAlSi3O8,NaAlSi3O8,real_spectra/NaAlSi3O8_2/NaAlSi3O8_2.xy,real_spectra/NaAlSi3O8_2/NaAlSi3O8_2.cif
NaBePO4_14,RRUFF,RRUFF:R060299-1,R060299-1,https://rruff.info/R060299,inferred_from_rruff_id,NaBePO4,NaBePO4,real_spectra/NaBePO4_14/NaBePO4_14.xy,real_spectra/NaBePO4_14/NaBePO4_14.cif
NaCa2Si3HO9_2,RRUFF,RRUFF:R060101-1,R060101-1,https://rruff.info/R060101,inferred_from_rruff_id,NaCa2Si3HO9,NaCa2Si3HO9,real_spectra/NaCa2Si3HO9_2/NaCa2Si3HO9_2.xy,real_spectra/NaCa2Si3HO9_2/NaCa2Si3HO9_2.cif
NaCa3UH16C3SO25F_2,RRUFF,RRUFF:R050565-1,R050565-1,https://rruff.info/R050565,inferred_from_rruff_id,NaCa3UH16C3SO25F,NaCa3UH16C3SO25F,real_spectra/NaCa3UH16C3SO25F_2/NaCa3UH16C3SO25F_2.xy,real_spectra/NaCa3UH16C3SO25F_2/NaCa3UH16C3SO25F_2.cif
NaCaAlH2CClO4_1,opXRD,opXRD:000606,606,,not_recorded_in_manifest,NaCaAlH2CClO4,NaCaAlH2CClO4,real_spectra/NaCaAlH2CClO4_1/NaCaAlH2CClO4_1.xy,real_spectra/NaCaAlH2CClO4_1/NaCaAlH2CClO4_1.cif
NaCaB5(H5O7)2_14,RRUFF,RRUFF:R050284-1,R050284-1,https://rruff.info/R050284,inferred_from_rruff_id,NaCaB5(H5O7)2,NaCaB5(H5O7)2,real_spectra/NaCaB5(H5O7)2_14/NaCaB5(H5O7)2_14.xy,real_spectra/NaCaB5(H5O7)2_14/NaCaB5(H5O7)2_14.cif
NaCaB5H16O17_2,RRUFF,RRUFF:R050062-1,R050062-1,https://rruff.info/R050062,inferred_from_rruff_id,NaCaB5H16O17,NaCaB5H16O17,real_spectra/NaCaB5H16O17_2/NaCaB5H16O17_2.xy,real_spectra/NaCaB5H16O17_2/NaCaB5H16O17_2.cif
NaCaBeSi2O6F_19,RRUFF,RRUFF:R050004-1,R050004-1,https://rruff.info/R050004,inferred_from_rruff_id,NaCaBeSi2O6F,NaCaBeSi2O6F,real_spectra/NaCaBeSi2O6F_19/NaCaBeSi2O6F_19.xy,real_spectra/NaCaBeSi2O6F_19/NaCaBeSi2O6F_19.cif
NaF_225,RRUFF,RRUFF:R060916-1,R060916-1,https://rruff.info/R060916,inferred_from_rruff_id,NaF,NaF,real_spectra/NaF_225/NaF_225.xy,real_spectra/NaF_225/NaF_225.cif
NaFe(SiO3)2_15,RRUFF,RRUFF:R040054-1,R040054-1,https://rruff.info/R040054,inferred_from_rruff_id,NaFe(SiO3)2,NaFe(SiO3)2,real_spectra/NaFe(SiO3)2_15/NaFe(SiO3)2_15.xy,real_spectra/NaFe(SiO3)2_15/NaFe(SiO3)2_15.cif
NaLiZr(Si2O5)3_64,RRUFF,RRUFF:R070485-1,R070485-1,https://rruff.info/R070485,inferred_from_rruff_id,NaLiZr(Si2O5)3,NaLiZr(Si2O5)3,real_spectra/NaLiZr(Si2O5)3_64/NaLiZr(Si2O5)3_64.xy,real_spectra/NaLiZr(Si2O5)3_64/NaLiZr(Si2O5)3_64.cif
NaMg3Al6Si6B3O31_160,RRUFF,RRUFF:R060534-1,R060534-1,https://rruff.info/R060534,inferred_from_rruff_id,NaMg3Al6Si6B3O31,NaMg3Al6Si6B3O31,real_spectra/NaMg3Al6Si6B3O31_160/NaMg3Al6Si6B3O31_160.xy,real_spectra/NaMg3Al6Si6B3O31_160/NaMg3Al6Si6B3O31_160.cif
NaMgV5(H5O6)4_1,opXRD,opXRD:000206,206,,not_recorded_in_manifest,NaMgV5(H5O6)4,NaMgV5(H5O6)4,real_spectra/NaMgV5(H5O6)4_1/NaMgV5(H5O6)4_1.xy,real_spectra/NaMgV5(H5O6)4_1/NaMgV5(H5O6)4_1.cif
NaMn2(SiO3)3_2,RRUFF,RRUFF:R040056-1,R040056-1,https://rruff.info/R040056,inferred_from_rruff_id,NaMn2(SiO3)3,NaMn2(SiO3)3,real_spectra/NaMn2(SiO3)3_2/NaMn2(SiO3)3_2.xy,real_spectra/NaMn2(SiO3)3_2/NaMn2(SiO3)3_2.cif
NaSi3BO8_2,RRUFF,RRUFF:R060096-1,R060096-1,https://rruff.info/R060096,inferred_from_rruff_id,NaSi3BO8,NaSi3BO8,real_spectra/NaSi3BO8_2/NaSi3BO8_2.xy,real_spectra/NaSi3BO8_2/NaSi3BO8_2.cif
NaZn2H6SClO6_1,opXRD,opXRD:000422,422,,not_recorded_in_manifest,NaZn2H6SClO6,NaZn2H6SClO6,real_spectra/NaZn2H6SClO6_1/NaZn2H6SClO6_1.xy,real_spectra/NaZn2H6SClO6_1/NaZn2H6SClO6_1.cif
Nb2FeO6_60,RRUFF,RRUFF:R070161-1,R070161-1,https://rruff.info/R070161,inferred_from_rruff_id,Nb2FeO6,Nb2FeO6,real_spectra/Nb2FeO6_60/Nb2FeO6_60.xy,real_spectra/Nb2FeO6_60/Nb2FeO6_60.cif
NdHCO3_1,opXRD,opXRD:000542,542,,not_recorded_in_manifest,NdHCO3,NdHCO3,real_spectra/NdHCO3_1/NdHCO3_1.xy,real_spectra/NdHCO3_1/NdHCO3_1.cif
Ni3S4_227,RRUFF,RRUFF:R050609-1,R050609-1,https://rruff.info/R050609,inferred_from_rruff_id,Ni3S4,Ni3S4,real_spectra/Ni3S4_227/Ni3S4_227.xy,real_spectra/Ni3S4_227/Ni3S4_227.cif
NiAs2_58,RRUFF,RRUFF:R061021-1,R061021-1,https://rruff.info/R061021,inferred_from_rruff_id,NiAs2,NiAs2,real_spectra/NiAs2_58/NiAs2_58.xy,real_spectra/NiAs2_58/NiAs2_58.cif
NiAsS_198,RRUFF,RRUFF:R070304-1,R070304-1,https://rruff.info/R070304,inferred_from_rruff_id,NiAsS,NiAsS,real_spectra/NiAsS_198/NiAsS_198.xy,real_spectra/NiAsS_198/NiAsS_198.cif
NiCO3_167,RRUFF,RRUFF:R060366-1,R060366-1,https://rruff.info/R060366,inferred_from_rruff_id,NiCO3,NiCO3,real_spectra/NiCO3_167/NiCO3_167.xy,real_spectra/NiCO3_167/NiCO3_167.cif
NiSbS_198,RRUFF,RRUFF:R050247-1,R050247-1,https://rruff.info/R050247,inferred_from_rruff_id,NiSbS,NiSbS,real_spectra/NiSbS_198/NiSbS_198.xy,real_spectra/NiSbS_198/NiSbS_198.cif
NiSb_194,RRUFF,RRUFF:R060928-1,R060928-1,https://rruff.info/R060928,inferred_from_rruff_id,NiSb,NiSb,real_spectra/NiSb_194/NiSb_194.xy,real_spectra/NiSb_194/NiSb_194.cif
P3Pb5ClO12_176,RRUFF,RRUFF:R050027-1,R050027-1,https://rruff.info/R050027,inferred_from_rruff_id,P3Pb5ClO12,P3Pb5ClO12,real_spectra/P3Pb5ClO12_176/P3Pb5ClO12_176.xy,real_spectra/P3Pb5ClO12_176/P3Pb5ClO12_176.cif
PPb2ClO3_1,opXRD,opXRD:000418,418,,not_recorded_in_manifest,PPb2ClO3,PPb2ClO3,real_spectra/PPb2ClO3_1/PPb2ClO3_1.xy,real_spectra/PPb2ClO3_1/PPb2ClO3_1.cif
Pb2CCl2O3_127,RRUFF,RRUFF:R050640-1,R050640-1,https://rruff.info/R050640,inferred_from_rruff_id,Pb2CCl2O3,Pb2CCl2O3,real_spectra/Pb2CCl2O3_127/Pb2CCl2O3_127.xy,real_spectra/Pb2CCl2O3_127/Pb2CCl2O3_127.cif
Pb3(ClO)2_62,RRUFF,RRUFF:R050669-1,R050669-1,https://rruff.info/R050669,inferred_from_rruff_id,Pb3(ClO)2,Pb3(ClO)2,real_spectra/Pb3(ClO)2_62/Pb3(ClO)2_62.xy,real_spectra/Pb3(ClO)2_62/Pb3(ClO)2_62.cif
PbCO3_62,RRUFF,RRUFF:R040069-1,R040069-1,https://rruff.info/R040069,inferred_from_rruff_id,PbCO3,PbCO3,real_spectra/PbCO3_62/PbCO3_62.xy,real_spectra/PbCO3_62/PbCO3_62.cif
PbSO4_62,RRUFF,RRUFF:R050052-1,R050052-1,https://rruff.info/R050052,inferred_from_rruff_id,PbSO4,PbSO4,real_spectra/PbSO4_62/PbSO4_62.xy,real_spectra/PbSO4_62/PbSO4_62.cif
PbS_225,RRUFF,RRUFF:R070325-1,R070325-1,https://rruff.info/R070325,inferred_from_rruff_id,PbS,PbS,real_spectra/PbS_225/PbS_225.xy,real_spectra/PbS_225/PbS_225.cif
Sb2O3_227,RRUFF,RRUFF:R060075-1,R060075-1,https://rruff.info/R060075,inferred_from_rruff_id,Sb2O3,Sb2O3,real_spectra/Sb2O3_227/Sb2O3_227.xy,real_spectra/Sb2O3_227/Sb2O3_227.cif
Sb2S3_1,opXRD,opXRD:000838,838,,not_recorded_in_manifest,Sb2S3,Sb2S3,real_spectra/Sb2S3_1/Sb2S3_1.xy,real_spectra/Sb2S3_1/Sb2S3_1.cif
Sb2S3_62,RRUFF,RRUFF:R050066-1,R050066-1,https://rruff.info/R050066,inferred_from_rruff_id,Sb2S3,Sb2S3,real_spectra/Sb2S3_62/Sb2S3_62.xy,real_spectra/Sb2S3_62/Sb2S3_62.cif
Si3(CO2)2_1,opXRD,opXRD:000628,628,,not_recorded_in_manifest,Si3(CO2)2,Si3(CO2)2,real_spectra/Si3(CO2)2_1/Si3(CO2)2_1.xy,real_spectra/Si3(CO2)2_1/Si3(CO2)2_1.cif
SiO_1,opXRD,opXRD:000022,22,,not_recorded_in_manifest,SiO,SiO,real_spectra/SiO_1/SiO_1.xy,real_spectra/SiO_1/SiO_1.cif
SnO2_136,RRUFF,RRUFF:R040072-1,R040072-1,https://rruff.info/R040072,inferred_from_rruff_id,SnO2,SnO2,real_spectra/SnO2_136/SnO2_136.xy,real_spectra/SnO2_136/SnO2_136.cif
SrCO3_62,RRUFF,RRUFF:R040037-1,R040037-1,https://rruff.info/R040037,inferred_from_rruff_id,SrCO3,SrCO3,real_spectra/SrCO3_62/SrCO3_62.xy,real_spectra/SrCO3_62/SrCO3_62.cif
SrSO4_62,RRUFF,RRUFF:R040007-1,R040007-1,https://rruff.info/R040007,inferred_from_rruff_id,SrSO4,SrSO4,real_spectra/SrSO4_62/SrSO4_62.xy,real_spectra/SrSO4_62/SrSO4_62.cif
Ta3Al4O14_143,RRUFF,RRUFF:R050629-1,R050629-1,https://rruff.info/R050629,inferred_from_rruff_id,Ta3Al4O14,Ta3Al4O14,real_spectra/Ta3Al4O14_143/Ta3Al4O14_143.xy,real_spectra/Ta3Al4O14_143/Ta3Al4O14_143.cif
TaSbO4_52,RRUFF,RRUFF:R050232-1,R050232-1,https://rruff.info/R050232,inferred_from_rruff_id,TaSbO4,TaSbO4,real_spectra/TaSbO4_52/TaSbO4_52.xy,real_spectra/TaSbO4_52/TaSbO4_52.cif
ThO2_225,RRUFF,RRUFF:R060849-1,R060849-1,https://rruff.info/R060849,inferred_from_rruff_id,ThO2,ThO2,real_spectra/ThO2_225/ThO2_225.xy,real_spectra/ThO2_225/ThO2_225.cif
TiFeO3_148,RRUFF,RRUFF:R060149-1,R060149-1,https://rruff.info/R060149,inferred_from_rruff_id,TiFeO3,TiFeO3,real_spectra/TiFeO3_148/TiFeO3_148.xy,real_spectra/TiFeO3_148/TiFeO3_148.cif
TiO2_61,RRUFF,RRUFF:R050363-1,R050363-1,https://rruff.info/R050363,inferred_from_rruff_id,TiO2,TiO2,real_spectra/TiO2_61/TiO2_61.xy,real_spectra/TiO2_61/TiO2_61.cif
TlAsS2_1,opXRD,opXRD:000248,248,,not_recorded_in_manifest,TlAsS2,TlAsS2,real_spectra/TlAsS2_1/TlAsS2_1.xy,real_spectra/TlAsS2_1/TlAsS2_1.cif
U2CuH5CO10_1,opXRD,opXRD:000573,573,,not_recorded_in_manifest,U2CuH5CO10,U2CuH5CO10,real_spectra/U2CuH5CO10_1/U2CuH5CO10_1.xy,real_spectra/U2CuH5CO10_1/U2CuH5CO10_1.cif
U2Si(H2O5)2_70,RRUFF,RRUFF:R060407-1,R060407-1,https://rruff.info/R060407,inferred_from_rruff_id,U2Si(H2O5)2,U2Si(H2O5)2,real_spectra/U2Si(H2O5)2_70/U2Si(H2O5)2_70.xy,real_spectra/U2Si(H2O5)2_70/U2Si(H2O5)2_70.cif
U2V2PbO16_60,RRUFF,RRUFF:R050548-1,R050548-1,https://rruff.info/R050548,inferred_from_rruff_id,U2V2PbO16,U2V2PbO16,real_spectra/U2V2PbO16_60/U2V2PbO16_60.xy,real_spectra/U2V2PbO16_60/U2V2PbO16_60.cif
UO2_225,RRUFF,RRUFF:R070747-1,R070747-1,https://rruff.info/R070747,inferred_from_rruff_id,UO2,UO2,real_spectra/UO2_225/UO2_225.xy,real_spectra/UO2_225/UO2_225.cif
UTi2O6_12,RRUFF,RRUFF:R080091-1,R080091-1,https://rruff.info/R080091,inferred_from_rruff_id,UTi2O6,UTi2O6,real_spectra/UTi2O6_12/UTi2O6_12.xy,real_spectra/UTi2O6_12/UTi2O6_12.cif
V3Pb5ClO12_176,RRUFF,RRUFF:R050171-1,R050171-1,https://rruff.info/R050171,inferred_from_rruff_id,V3Pb5ClO12,V3Pb5ClO12,real_spectra/V3Pb5ClO12_176/V3Pb5ClO12_176.xy,real_spectra/V3Pb5ClO12_176/V3Pb5ClO12_176.cif
VCuHPbO5_62,RRUFF,RRUFF:R050521-1,R050521-1,https://rruff.info/R050521,inferred_from_rruff_id,VCuHPbO5,VCuHPbO5,real_spectra/VCuHPbO5_62/VCuHPbO5_62.xy,real_spectra/VCuHPbO5_62/VCuHPbO5_62.cif
VO2_62,RRUFF,RRUFF:R050391-1,R050391-1,https://rruff.info/R050391,inferred_from_rruff_id,VO2,VO2,real_spectra/VO2_62/VO2_62.xy,real_spectra/VO2_62/VO2_62.cif
YF3_62,RRUFF,RRUFF:R130714,R130714,https://rruff.info/R130714,inferred_from_rruff_id,YF3,YF3,real_spectra/YF3_62/YF3_62.xy,real_spectra/YF3_62/YF3_62.cif
YPO4_141,RRUFF,RRUFF:R060428-1,R060428-1,https://rruff.info/R060428,inferred_from_rruff_id,YPO4,YPO4,real_spectra/YPO4_141/YPO4_141.xy,real_spectra/YPO4_141/YPO4_141.cif
Zn(AsO2)2_14,RRUFF,RRUFF:R040011-1,R040011-1,https://rruff.info/R040011,inferred_from_rruff_id,Zn(AsO2)2,Zn(AsO2)2,real_spectra/Zn(AsO2)2_14/Zn(AsO2)2_14.xy,real_spectra/Zn(AsO2)2_14/Zn(AsO2)2_14.cif
Zn2Cu2H7SO9_1,opXRD,opXRD:000539,539,,not_recorded_in_manifest,Zn2Cu2H7SO9,Zn2Cu2H7SO9,real_spectra/Zn2Cu2H7SO9_1/Zn2Cu2H7SO9_1.xy,real_spectra/Zn2Cu2H7SO9_1/Zn2Cu2H7SO9_1.cif
Zn3(PO6)2_2,RRUFF,RRUFF:R050463-1,R050463-1,https://rruff.info/R050463,inferred_from_rruff_id,Zn3(PO6)2,Zn3(PO6)2,real_spectra/Zn3(PO6)2_2/Zn3(PO6)2_2.xy,real_spectra/Zn3(PO6)2_2/Zn3(PO6)2_2.cif
Zn4P2O13_13,RRUFF,RRUFF:R050581-1,R050581-1,https://rruff.info/R050581,inferred_from_rruff_id,Zn4P2O13,Zn4P2O13,real_spectra/Zn4P2O13_13/Zn4P2O13_13.xy,real_spectra/Zn4P2O13_13/Zn4P2O13_13.cif
ZnCO3_167,RRUFF,RRUFF:R040051-1,R040051-1,https://rruff.info/R040051,inferred_from_rruff_id,ZnCO3,ZnCO3,real_spectra/ZnCO3_167/ZnCO3_167.xy,real_spectra/ZnCO3_167/ZnCO3_167.cif
ZnFeAsHO5_1,opXRD,opXRD:001120,1120,,not_recorded_in_manifest,ZnFeAsHO5,ZnFeAsHO5,real_spectra/ZnFeAsHO5_1/ZnFeAsHO5_1.xy,real_spectra/ZnFeAsHO5_1/ZnFeAsHO5_1.cif
ZnO_186,RRUFF,RRUFF:R050492-1,R050492-1,https://rruff.info/R050492,inferred_from_rruff_id,ZnO,ZnO,real_spectra/ZnO_186/ZnO_186.xy,real_spectra/ZnO_186/ZnO_186.cif
ZnS_216,RRUFF,RRUFF:R060005-1,R060005-1,https://rruff.info/R060005,inferred_from_rruff_id,ZnS,ZnS,real_spectra/ZnS_216/ZnS_216.xy,real_spectra/ZnS_216/ZnS_216.cif
Zn_191,opXRD,opXRD:001189,1189,,not_recorded_in_manifest,Zn,Zn,real_spectra/Zn_191/Zn_191.xy,real_spectra/Zn_191/Zn_191.cif
ZrSiO4_141,RRUFF,RRUFF:R050203-1,R050203-1,https://rruff.info/R050203,inferred_from_rruff_id,ZrSiO4,ZrSiO4,real_spectra/ZrSiO4_141/ZrSiO4_141.xy,real_spectra/ZrSiO4_141/ZrSiO4_141.cif
